Type,Commentgroup,Chaine has chat-comms telecharged,Chat avec des sous catégories,Ville/Région,Communautés régionales de compatriotes,Titre_ru,Titre_fr,Titre_support,Lien,Date de création,Dérnier message,Nombre de messages (mai 2025),Nombre de messages (avril 2026),Type de communication,Thématique,Organisatio bénévole,Groupes de sources,Description,Nombre de participants (mai 2025),Nombre de participants (avril 2026),Téléchargé le ,Téléchargé
Chaine,,1,,National (russe),0,Беженцы в России,Réfugiés en Russie,refugies_en_russie,https://t.me/SOS_Ryssia,18.02.2022,présent,14685,,Messages structurés,Offre et recherche d'aide,,Беженцы в России,"Ce canal republie les offres et les demandes d'aide émanant de bénévoles ou de réfugiés ukrainiens. En outre, le canal publie des informations générales (lois, numéros d'assistance, adresses, etc.). De temps à autre, des publications moins informatives apparaissent, telles que des citations de Poutine, des vœux pour le jour de la victoire et d'autres messages.",20242,19081,11/04/2026,1
Chat,1,,,National (russe),0,Беженцы в России (чат),Réfugiés en Russie (chat),refugies_en_russie_chat,https://t.me/chat_russian_sos,20.02.2022,présent,105173,115 132,Commentgoupe,Générale,,Беженцы в России,"Ce chat appartient à la chaîne mentionnée ci-dessus. Les participants y publient des offres et des demandes d'aide, qui peuvent ensuite être republiées sur la chaîne afin d'être diffusées à un public plus large. Il est intéressant de noter qu'au début (le 21 février), les annonces d'offres d'emploi ont été accueillies négativement dans le chat (les gens craignaient que les personnes dans le besoin soient trompées). Les discussions politiques ne sont pas les bienvenues dans le chat et, comme on peut le constater, elles sont supprimées par l'administrateur. Le chat permet également aux personnes de communiquer entre elles, de partager leurs expériences et de poser des questions. Le chat est toujours actif à ce jour, les personnes discutent activement de questions administratives et réagissent aux actualités de la chaîne.",1921,1278,11/04/2026,1
Chaine,,1,,National (russe),1,Донбасс в РФ,Donbass en Russie,donbass_en_russie,https://t.me/DonUkrRos,23.07.2022,présent,7229,8213,Chaîne d'information,Générale,,Донбасс в РФ,"Informations sur les documents, les paiements ; liens utiles et rappels.",5024,4443,11/04/2026,1
Chat,1,,,National (russe),1,Донбасс в РФ,Donbass en Russie,donbass_en_russie_chat,,23.07.2022,présent,10414,,Commentgoupe,Générale,,Донбасс в РФ,"Informations sur les documents, les paiements ; liens utiles et rappels.",,280,11/04/2026,1
Chaine,,1,,International,0,Навигатор для беженцев,Navigateur pour les réfugiés ,navigateur,https://t.me/navigatorRf,14.07.2022,2024-12-28 00:00:00,5257,,Agrégateur de liens,Générale,,Навигатор,"Informations structurées par hashtags et régions ; point de départ pour les études de cas. Le Navigateur comporte une section intéressante où les utilisateurs partagent les coordonnées des fraudeurs afin que d'autres réfugiés ne soient pas victimes d'arnaques. Très souvent, dans les chats consacrés à l'emploi, les utilisateurs proposent des emplois liés à la vente de drogues.",1044,826,11/04/2026,1
Chat,1,,,International,0,Навигатор для беженцев,Navigateur pour les réfugiés ,navigateur_chat,,14.07.2022,2024-12-28 00:00:00,,1852,Commentgoupe,Générale,,Навигатор,"Informations structurées par hashtags et régions ; point de départ pour les études de cas. Le Navigateur comporte une section intéressante où les utilisateurs partagent les coordonnées des fraudeurs afin que d'autres réfugiés ne soient pas victimes d'arnaques. Très souvent, dans les chats consacrés à l'emploi, les utilisateurs proposent des emplois liés à la vente de drogues.",,36,11/04/2026,1
Chaine,,1,,National (russe),0,Андрей Лысенко волонтер Донецк,"Andriy Lysenko, bénévole à Donetsk",andriy_lysenko,https://t.me/lisenko1972,21.02.2021,présent,5982,6702,Organisationnel,Activités d'une organisation bénévole,Andiy Lysenko,Андрей Лысенко,"Cet individu dispose de sa propre fondation et d'une chaîne YouTube. Fondation : https://fondandreyalysenko.ru/ Chaîne : https://www.youtube.com/@lisenko1000 D'après ce que j'ai compris, cet individu apporte son aide depuis longtemps, bien avant le début de la guerre en 2022.",51727,45181,11/04/2026,1
Chat,1,,,National (russe),0,Андрей Лысенко волонтер Донецк,"Andriy Lysenko, bénévole à Donetsk",andriy_lysenko_chat,https://t.me/lisenko1972_chat,21.02.2021,présent,,159060,Commentgoupe,Activités d'une organisation bénévole,Andiy Lysenko,Андрей Лысенко,"Cet individu dispose de sa propre fondation et d'une chaîne YouTube. Fondation : https://fondandreyalysenko.ru/ Chaîne : https://www.youtube.com/@lisenko1000 D'après ce que j'ai compris, cet individu apporte son aide depuis longtemps, bien avant le début de la guerre en 2022.",,4313,12/04/2026,1
Chaine,,1,,National (russe),0,Будем Жить,Nous vivrons,nous_vivrons,https://t.me/budem_zhit,22.03.2022,présent,10755,13299,Chaîne d'information,Générale,,Nous vivrons,"Instructions détaillées concernant les documents, les paiements et les avantages ; connexion avec le bot.",41676,27787,12/04/2026,1
Chat,1,,,National (russe),0,Будем Жить,Nous vivrons,nous_vivrons_chat,,22.03.2022,présent,,22958,Commentgoupe,Générale,,Nous vivrons,"Instructions détaillées concernant les documents, les paiements et les avantages ; connexion avec le bot.",,158,12/04/2026,1
Bot,,,,National (russe),0,Будем жить | Чат-бот,Nous vivrons | chat-bot,,@budem_zhit_bot,,,,,Chaîne d'information,Générale,,Nous vivrons,Menu par thèmes ; acheminement des questions vers les services concernés ; collecte d'informations auprès des utilisateurs.,,,,
Chat,,,,National (russe),0,Граница. ДНР-РО (очереди),Frontière. RPD-RO (files d'attente),frontiere_rpdro_files_dattente,https://t.me/granicaRF2DPR,01.05.2018,présent,343523,360411,Messages structurés,Franchissement de la frontière,,Граница. ДНР-РО,"Rapports opérationnels sur les files d'attente, les points de contrôle, les itinéraires ; activité très intense.",40624,39400,12/04/2026,1
Chat,,,,National (russe),0,Граница ДНР-РО (болталка/FAQ),Frontière. RPD-RO (forum de discussion/FAQ),frontiere_rpdro_forum_discussions,https://t.me/Granica_DPRtoRF_flud,10.12.2018,présent,149938,149619,Communication/discussions/échange d'informations,Franchissement de la frontière,,Граница. ДНР-РО,"Complément d'information concernant les files d'attente ; questions relatives à l'assurance, aux documents, etc.",13020,10944,12/04/2026,1
Chat,,,,National (russe),0,ПОПУТЧИК Россия (перевозки/такси),COMPAGNON DE VOYAGE Russie (transport/taxi),compagnon_de_voyage_russie,https://t.me/PoputchikRFDNR,10.06.2018,présent,399927,518012,Messages structurés,Franchissement de la frontière,,,Recherche de compagnons de voyage/transporteurs ; des frais sont applicables pour la publication d'annonces.,14237,12744,12/04/2026,1
Chaine,,1,,National (russe),0,БЕЖЕНЦЫ | РОССИЯ,REFUGEÉS | RUSSIE,refugiees_russie,https://t.me/refugeesrussia,05.10.2022,présent,5412,5424,Chaîne d'information,Générale,Штаб помощи Краснодар,Беженцы Россия,"Portail d'information juridique ; il comprend également des forums dédiés au logement, à l'emploi et à Krasnodar, ainsi que des mémos et des actualités.",1815,1262,13/04/2026,1
Bot,,,,National (russe),0,Помощь беженцам и переселенцам (бот),Assistance aux réfugiés et aux personnes déplacées (bot),,@help_for_refugees_bot,,,,,,Générale,Штаб помощи Краснодар,,"Probablement inactif ; il s'agit d'un guide contenant des informations administratives destinées aux réfugiés, classées par ville.",,,,
Chat,1,,,National (russe),0,Общий чат | беженцы и переселенцы,Discussion générale | Réfugiés et personnes déplacées,refugiees_russie_chat,https://t.me/refugees_ru,21.09.2022,présent,27043,27237,Commentgoupe,Générale,Штаб помощи Краснодар,Беженцы Россия,Associé au canal « Réfugiés | Russie » ; échange d'expériences et de questions.,3832,2647,13/04/2026,1
Chat,,,,National (russe),0,Жилье | беженцы и переселенцы,Logement | Réfugiés et personnes déplacées,logement_refugies_et_personnes_depalcees,https://t.me/refugeeshouse,22.09.2022,présent,8913,9015,Communication/discussions/échange d'informations,Recherche de logement,Штаб помощи Краснодар,Беженцы Россия,"Discussion sur le logement ; les administrateurs du chat ont organisé la collecte des demandes par courrier électronique (composition de la famille, emplacement).",733,700,13/04/2026,1
Chat,,,,National (russe),0,Работа | беженцы и переселенцы,Travail | Réfugiés et personnes déplacées,travail_refugies_et_personnes_depalcees,https://t.me/refugeeswork,26.09.2022,2025-06-09 00:00:00,5832,5936,Messages structurés,Recherche de travail,Штаб помощи Краснодар,Беженцы Россия,Offres d'emploi et questions juridiques liées au travail ; recherche d'emploi.,588,521,13/04/2026,1
Chat,,,,National (russe),0,Правовая (юридическая) помощь,Assistance juridique,assistance_juridique,https://t.me/informpeople,03.05.2022,présent,71109,71712,Communication/discussions/échange d'informations,Assistance juridique,,,Explications juridiques et cas pratiques des participants,7660,7341,13/04/2026,1
Chaine,,1,,National (russe),0,Информационная площадка,Plateforme d'information,plateforme_dinformation,https://t.me/pravinf,18.05.2022,présent,6239,6297,Chaîne d'information,Générale,,Одного поля ягода,"Actualités, informations administratives/juridiques, accueil des réfugiés.",5543,5177,13/04/2026,1
Chat,1,,,National (russe),0,🫐Одного поля ягода🫐,🫐De la meme nature🫐,plateforme_dinformation_chat,https://t.me/informpeople1,22.05.2022,présent,125847,165059,Commentgoupe,Générale,,Одного поля ягода,Discussion générale pour l'échange d'informations.,5150,7371,13/04/2026,1
Chat,,,,National (russe),0,Вопросы. Ответы. Информационная помощь,Questions. Réponses. Assistance informative.,question_responses_assistance_informatique,https://t.me/otvet_spiski,29.03.2022,2025-01-27 00:00:00,6225,6229,Communication/discussions/échange d'informations,Générale,,,Assistance concernant les documents de la Fédération de Russie et les allocations ; associé au site mirnamvsem.com.,302,254,13/04/2026,1
Chaine,,1,,National (russe),0,Мир Нам Всем — помощь жителям Донбасса и Украины,Le monde pour tous — aide aux habitants du Donbass et de l'Ukraine,le_monde_pour_tous,https://t.me/mirnamvsem,19.04.2022,2025-09-06 00:00:00,1308,1333,Chaîne d'information,Générale,,,"Documents, allocations, écoles/crèches, centres d'aide.",1462,1192,13/04/2026,1
Chat,1,,,National (russe),0,Мир Нам Всем — помощь жителям Донбасса и Украины,Le monde pour tous — aide aux habitants du Donbass et de l'Ukraine,le_monde_pour_tous_chat,,19.04.2022,2025-09-06 00:00:00,,5362,Commentgoupe,Générale,,,"Documents, allocations, écoles/crèches, centres d'aide.",,5,13/04/2026,1
Chat,,,,National (russe),1,ПОМОЩЬ БЕЖЕНЦАМ С ДОНБАССА,ASSISTANCE AUX REFUGIES DU DONBASS,assistance_aux_refugies_du_donbass,https://t.me/donhelp,20.02.2022,présent,11762,11792,Communication/discussions/échange d'informations,Offre et recherche d'aide,,,Format de l'annonce : comment aider/ville/conditions/contacts ; plusieurs numéros de téléphone accessibles au public.,709,604,13/04/2026,1
Chat,,,,National (russe),1,Размещение беженцев из Донбасса,Accueil des réfugiés du Donbass,accueil_des_refugies_du_donbass,https://t.me/Donbass_help,19.02.2022,2022-09-03 00:00:00,3323,3324,Communication/discussions/échange d'informations,Recherche de logement,,,Annonces et demandes de logement.,2199,1057,13/04/2026,1
Chat,,,1,National (russe),1,Харьковские переселенцы | Беженцы в РФ,Les personnes déplacées de Kharkiv | Réfugiés en Fédération de Russie,les_personnes_deplacees_de_kharkiv,https://t.me/kharkov188rus,,,,99803,Chaîne d'information,Générale,,,"Sous-catégories : documents, avantages, frontière, travail, logement, PVR, etc.",6833,7761,13/04/2026,1
Chat,,,,National (russe),0,ГРАНИЦА ДНР/РО | Информация о состоянии очереди,FRONTIÈRE DNR/RO | Informations sur l'état de la file d'attente,frontiere_dnrro_informations_sur_letat_de_la_file_dattente,https://t.me/ocherednakppgruppa,15.05.2021,présent,67130,87424,Communication/discussions/échange d'informations,Franchissement de la frontière,,,"Rapports des postes de contrôle et des barrages routiers ; Fédération de Russie, Crimée, RPL, RPD.",15694,15519,14/04/2026,1
Chat,,,1,National (russe),0,ПВР Россия Пункты | Пункты временного размещения,PVR Russie Points | Points d'hébergement temporaire,pvr_russie_points,https://t.me/pvr_russia,,,,1506,Chaîne d'information,Centres d'hébergement temporaire (PVR),,,"Adresses PVR par région ; chaînes filiales sans commentaires, ainsi qu'un chat « communication ».",202,317,14/04/2026,1
Chat,,,,International,0,Нужно постричься (бесплатно),Il est nécessaire de se faire couper les cheveux (gratuitement).,,https://t.me/+paOSrvQ7-RNkNzEy,,,,,,Coiffeur,,,Discussion privée ; assistance aux réfugiés en Russie et en Europe.,97,,,
Chat,,,,National (russe),0,Помощь ПВР,Aide (PVR),,https://t.me/+pc6t5jSnrjY5NDYy,,,,,,Centres d'hébergement temporaire (PVR),,,3,736,,,
Chaine,,1,,National (russe),0,Помощь беженцам. Работа,Assistance aux réfugiés. Travail,assistance_aux_refugies_travail,https://t.me/nvr_help,19.04.2022,présent,2152,2170,Messages structurés,Recherche de travail,,Assistance aux réfugiés. Travail,Publication d'offres d'emploi et de CV.,619,504,14/04/2026,1
Chat,1,,,National (russe),0,Помощь беженцам. Работа,Assistance aux réfugiés. Travail,assistance_aux_refugies_travail_chat,,19.04.2022,présent,,3997,Commentgoupe,Recherche de travail,,Assistance aux réfugiés. Travail,Publication d'offres d'emploi et de CV.,,21,14/04/2026,1
Chat,,,1,Moscou et la région de Moscou,0,ШКОЛА (ПОМОЩЬ БЕЖЕНЦАМ),ECOLE (AIDE AUX REFUGIES),ecole_aide_aux_refugies,https://t.me/need2help_school,,,,17222,Communication/discussions/échange d'informations,Éducation des enfants / aide scolaire,,,"Sous-projets : forum de discussion, informations des organisateurs, cours gratuits ; été 2022, groupes en ligne.",933,800,14/04/2026,1
Chat,,,,Toula et la région de Toula,0,Помощь беженцам из Украины и вынужденным переселенцам из приграничных территорий РФ в Туле и Тульской обл,Assistance aux réfugiés ukrainiens et aux personnes déplacées des régions frontalières de la Fédération de Russie à Toula et dans la région de Toula,,https://t.me/+9niqaNfmibk5YTgy,,,,,,Activités d'une organisation bénévole,Помощь беженцам Тула,,"Groupe de bénévoles : vêtements, chaussures, produits d'entretien ménager, etc.",794,,,
Chat,,,,National (russe),0,Врачи в помощь беженцам,Médecins au service des réfugiés,,https://t.me/+bsRQct4_AVQ0Njcy,,,,,,Assistance médicale,,,Chat d'assistance médicale aux personnes déplacées de force en Fédération de Russie.,2684,,,
Chaine,,1,,National (russe),0,МЕДПОМОЩЬ,ASSISTANCE MEDICALE,assistance_medicale,https://t.me/medhelpdewenci,12.04.2022,2023-01-13 00:00:00,,204,Messages structurés,Assistance médicale,,Медпомощь,Horaires de permanence ; une confirmation du statut de réfugié est requise pour toute demande.,55,48,14/04/2026,1
Chat,1,,,National (russe),0,МЕДПОМОЩЬ,ASSISTANCE MEDICALE,assistance_medicale_chat,,12.04.2022,2023-01-13 00:00:00,,352,Commentgoupe,Assistance médicale,,Медпомощь,Horaires de permanence ; une confirmation du statut de réfugié est requise pour toute demande.,,2,14/04/2026,1
Chaine,,1,,National (russe),0,Медицинская помощь беженцам в РФ,Assistance médicale aux réfugiés en Fédération de Russie,assistance_medicale_aux_refugies_en_fdr,https://t.me/stopillnes,12.05.2022,2023-01-13 00:00:00,,215,Messages structurés,Assistance médicale,,Медпомощь беженцам в РФ,Une équipe de médecins bénévoles ; correspondance individuelle en dehors du canal ; informations pratiques sur les villes. ! Faire attention que cette chaine et la chaine d'avant ont exactement les memes messages ,253,217,14/04/2026,1
Chat,1,,,National (russe),0,Медицинская помощь беженцам в РФ,Assistance médicale aux réfugiés en Fédération de Russie,assistance_medicale_aux_refugies_en_fdr_chat,,12.05.2022,2023-01-13 00:00:00,,344,Commentgoupe,Assistance médicale,,Медпомощь беженцам в РФ,Une équipe de médecins bénévoles ; correspondance individuelle en dehors du canal ; informations pratiques sur les villes. ! Faire attention que cette chaine et la chaine d'avant ont exactement les memes messages ,,4,14/04/2026,1
Chat,,,,National (russe),0,Зелёный коридор (граница/Шереметьево),Corridor vert (frontière/Sheremetyevo),corridor_vert,https://t.me/greenkorridor,01.03.2022,présent ,16833,74080,Communication/discussions/échange d'informations,Franchissement de la frontière,,,"À l'origine, ce groupe a été créé dans le cadre de l'organisation du Corridor vert afin d'aider les habitants de Kharkiv à quitter la ville. Message du 2 mars : modification du message adressé à Belgorod avec la demande d'organiser la création du Corridor vert. Les personnes expriment leur souhait de faire partir leurs proches vers la Russie. En outre, elles discutent d'autres possibilités de départ et relatent les expériences de leurs connaissances. Les personnes s'organisent également elles-mêmes et forment des groupes pour évacuer les habitants de Kharkiv vers Belgorod. Elles organisent des évacuations et discutent des moyens possibles pour les réaliser. Le chat a été créé assez tôt, ce qui permet de suivre le déroulement des événements depuis le début de la guerre.",7132,6493,15/04/2026,1
Chat,,,,National (russe),1,Переселенцы из Ха обл. 🇷🇺,Personnes déplacées de Kha région. RU,,https://t.me/+5qeVS_cval05MmU6,,,,,,Générale,,,Échange d'expériences et d'informations.,,,,
Chat,,,,National (russe),1,РУССКИЕ ХАРЬКОВЧАНЕ,LES RUSSES DE KHARKIV,,https://t.me/sertificate_kharkov,,,,,Communication/discussions/échange d'informations,Générale,,,"Sous-catégories : actualités, garanties sociales, PVR/logement/emploi, recherche de proches, services, certificats de logement.",3070,,,
Chaine,,,,Taganrog,0,ПАМЯТКА ВОЛОНТЁРА,Mémo pour les bénévoles,memo_benevoles,https://t.me/pamyatka_volontera_pvr,19.04.2022,2022-05-15 00:00:00,,62,Chaîne d'information,Générale,,,/////]]]]]#,369,343,15/04/2026,1
Chaine,,1,,International,0,SanMedCar (перевозка лежачих),SanMedCar (transport de patients alités),sanmedcar_transport_de_patients_alites,https://t.me/sanmedcar,09.01.2020,présent,67162,,Messages structurés,Assistance médicale,,SanMedCar,"Ce canal a été créé avant le début de la guerre dans le but d'optimiser les processus commerciaux des entreprises fournissant des services de transport médical et sanitaire. Ainsi, ce canal publiait des informations sur les trajets afin de rechercher des « demandes de covoiturage ». Il est possible de suivre les changements apportés au service depuis 2022. Ils précisent également : « L'aggravation des relations entre l'Ukraine et la Russie a accru la demande de transport entre les deux pays (y compris le territoire de la RPL et de la RPD), mais avec le début des hostilités, la demande s'est maintenue. Cependant, à l'heure actuelle, nous n'avons la capacité technique de transporter des patients alités vers la Russie qu'à partir de Donetsk. Si la situation venait à changer, nous vous en informerions immédiatement. »",4393,,,
Chat,1,,,International,0,SanMedCar (перевозка лежачих),SanMedCar (transport de patients alités),sanmedcar_transport_de_patients_alites_chat,https://t.me/sanmedcar_chat,09.01.2020,présent,,,Commentgoupe,Assistance médicale,,SanMedCar,"Ce canal a été créé avant le début de la guerre dans le but d'optimiser les processus commerciaux des entreprises fournissant des services de transport médical et sanitaire. Ainsi, ce canal publiait des informations sur les trajets afin de rechercher des « demandes de covoiturage ». Il est possible de suivre les changements apportés au service depuis 2022. Ils précisent également : « L'aggravation des relations entre l'Ukraine et la Russie a accru la demande de transport entre les deux pays (y compris le territoire de la RPL et de la RPD), mais avec le début des hostilités, la demande s'est maintenue. Cependant, à l'heure actuelle, nous n'avons la capacité technique de transporter des patients alités vers la Russie qu'à partir de Donetsk. Si la situation venait à changer, nous vous en informerions immédiatement. »",,,,
Chat,,,,National (russe),0,Друзья программистов-волонтёров,Amis des programmeurs bénévoles,,https://t.me/+K_kpmNcLC0UxYzVi,,,,,,Assistance des developeurs,,,Assistance aux bénévoles : création gratuite de bots et de programmes.,29,,,
Chat,,,,National (russe),0,Полезная информация для беженцев,Informations utiles pour les réfugiés,infromations_utiles_pour_les_refugies,https://t.me/poleznaya_infa_bezency,10.06.2022,2024-08-20 00:00:00,1308,1323,Chaîne d'information,Générale,,,Repostage de documents utiles pour les réfugiés.,28,18,15/04/2026,1
Chaine,,1,,National (russe),1,Приключения херсонцев в России,Les aventures des habitants de Kherson en Russie,aventures_des_habitants_de_kherson_en_Russie,https://t.me/NovayaZhizneVO,17.11.2022,2025-07-28 00:00:00,486,518,Blog,Temoignage personelle de la migration,,Приключения Херсонцев в России,"Cette chaîne est une sorte de blog d'une famille de Kherson, dans lequel l'auteur raconte son expérience de déménagement, d'obtention de documents et partage également certaines actualités. Dans les commentaires, les gens réagissent aux publications et partagent également leurs histoires (https://t.me/chatXersonRU).",1280,1065,15/04/2026,1
Chat,1,,,National (russe),1,Приключения херсонцев в России,Les aventures des habitants de Kherson en Russie,aventures_des_habitants_de_kherson_en_Russie_chat,https://t.me/chatXersonRU,17.11.2022,2025-07-28 00:00:00,,74603,Commentgoupe,Temoignage personelle de la migration,,Приключения Херсонцев в России,"Cette chaîne est une sorte de blog d'une famille de Kherson, dans lequel l'auteur raconte son expérience de déménagement, d'obtention de documents et partage également certaines actualités. Dans les commentaires, les gens réagissent aux publications et partagent également leurs histoires (https://t.me/chatXersonRU).",1280,812,15/04/2026,1
Chat,,,,National (russe),0,Уехать от войны,Fuir la guerre,fuir_la_guerre,https://t.me/uehatizvoiny,17.11.2022,présent,19303,19739,Messages structurés,Offre et recherche d'aide,,Уехать от войны,"Il s'agit d'un chat privé qui nécessite l'approbation d'un administrateur pour y adhérer. Cependant, le contenu du chat est accessible à tous. Extrait du premier message : Groupe destiné à mettre en relation les résidents des régions de Kherson, Zaporijia et de la RPD de Donetsk qui souhaitent se rendre temporairement en Russie, ainsi que les Russes qui sont prêts à les accueillir. Il sert également à rechercher des personnes pouvant aider au déménagement. Messages sont strucutés par les hashtags. ",2989,2385,15/04/2026,1
Chat,,,,National (russe),0,УоВ флудилка ,Fuir la guerre flud,,https://t.me/+2CmN8yjcuY5iMGZi,,,,,,Générale,,Уехать от войны,,,,,
Chaine,,,,Rostov on Don et la région de Rostov,0,Ссылки для беженцев / РнД,Liens pour les réfugiés / RnD,liens_pour_les_refugies_rnd,https://t.me/rostovbegenzam,14.05.2022,2022-06-23 00:00:00,46,46,Agrégateur de liens,Générale,,,Recueil d'adresses d'organisations et de ressources utiles.,79,69,15/04/2026,1
Chaine,,,,National (russe),0,Сервисы реюза,Services de re-use,services_reuse,https://t.me/reuseservices,21.07.2020,présent,147,,Agrégateur de liens,Re-use/articles,,,"Ce canal a été créé avant le début de la guerre et n'est généralement pas destiné à aider les réfugiés. Malgré cela, ce service et les canaux similaires (des canaux plus petits regroupés par ville, région ou district) sont très répandus parmi les chats d'aide aux réfugiés, sont activement utilisés et apportent une contribution importante à l'aide apportée.",1870,,,  
Chat,,,,National (russe),0,Беженцы в России 🇷🇺,Réfugiés en Russie RU,refugies_en_russie_RU,https://t.me/helps_ukrainian,09.03.2022,présent,25947,26610,Communication/discussions/échange d'informations,Offre et recherche d'aide,,,"Logement, emploi, consultations ; attention précoce portée aux biens matériels ; thème « Sheremetyevo ».",4664,3822,15/04/2026,1
Chaine,,1,,International,0,Интесивы,Intensifs,intensifs,https://t.me/intensive_deti,03.10.2022,2022-12-06 00:00:00,47,47,Messages structurés,Éducation des enfants / aide scolaire,,Intensifs,Kits de bénévolat pour les cours ; actuellement inactif.,117,90,15/04/2026,1
Chat,1,,,International,0,Интесивы,Intensifs,intensifs_chat,,03.10.2022,2022-12-06 00:00:00,,,Commentgoupe,Éducation des enfants / aide scolaire,,Intensifs,Kits de bénévolat pour les cours ; actuellement inactif.,,,,
Chat,,,,International,0,MindClubOnline,MindClubOnline,mindclubonline,https://t.me/mindclubonline,17.03.2022,présent,4091,4434,Messages structurés,Éducation des enfants / aide scolaire,,,Cours quotidiens sur Zoom ; attachement à l'enseignement familial ; actif.,791,649,15/04/2026,1
Chaine,,,,National (russe),0,Гуманитарная психологическая помощь,Assistance psychologique humanitaire,assistance_psychologique_humanitaire,https://t.me/psychologicalhelpfree,11.04.2022,2022-12-21 00:00:00,7,,Organisationnel,Assistance psychologique,,,Demandes via le formulaire ; 1 à 3 consultations ; quelques publications — communication en dehors du canal.,73,,,
Chat,,,,National (russe),0,Бесплатная психологическая помощь,Assistance psychologique gratuite,,https://t.me/+JbawbU9PKOFkMTVi,,,,,,Assistance psychologique,,,Une équipe de psychologues professionnels ; assistance aux personnes affectées par le SVO.,205,,,
Chaine,,,,National (russe),0,Переезд с ребёнком | Адаптация,Déménager avec un enfant | Adaptation,demenager_avec_un_enfant,https://t.me/kids_adaptation,06.08.2022,2023-06-13 00:00:00,164,164,Chaîne d'information,Assistance psychologique,,,Conseils pour aider les enfants à s'adapter lors d'un déménagement.,1215,1059,15/04/2026,1
Chat,,,,International,0,АВТО-ЧАТ для присоединённых территорий,Auto-chat pour les territoires annexés,auto_chat,https://t.me/rst_avt_ru_22,12.08.2022,présent,18093,21421,Communication/discussions/échange d'informations,Auto/transport,,,Échange d'expériences sur les questions automobiles ; communication active et mutuellement bénéfique.,1747,1645,15/04/2026,1
Chaine,,1,,Oblast de Vladimir,0,Волонтёр Алла Сидорова. Донбасс Покров,Volontaire Alla Sidorova. Donbass Pokrov,benevole_sidorova,https://t.me/alla_2022mariupol,29.10.2022,présent,4690,11882,Organisationnel,Activités d'une organisation bénévole,Alla Sidorova,Alla Sidorova,"Depuis le début de l'invasion militaire, cette bénévole assiste les personnes touchées par les hostilités dans la région du Donbass. Cependant, d'après les rapports publiés sur sa chaîne, elle organise également l'aide aux réfugiés. La chaîne publie des comptes rendus d'activités et des reportages photo. L'auteure partage ses impressions, ses sentiments...",861,2223,18/04/2026,1
Chat,1,,,Oblast de Vladimir,0,Волонтёр Алла Сидорова. Донбасс Покров,Volontaire Alla Sidorova. Donbass Pokrov,benevole_sidorova_chat,https://t.me/DondassPokrov,29.10.2022,présent,,30223,Commentgoupe,Activités d'une organisation bénévole,Alla Sidorova,Alla Sidorova,"Depuis le début de l'invasion militaire, cette bénévole assiste les personnes touchées par les hostilités dans la région du Donbass. Cependant, d'après les rapports publiés sur sa chaîne, elle organise également l'aide aux réfugiés. La chaîne publie des comptes rendus d'activités et des reportages photo. L'auteure partage ses impressions, ses sentiments...",,875,18/04/2026,1
Chat,,,,Rostov on Don et la région de Rostov,0,Беженцы Ростов,Réfugiés à Rostov,refugies_rostov,https://t.me/Bejenci_rnd,24.03.2022,présent,82902,85739,Communication/discussions/échange d'informations,Générale,,,Échange d'informations et coordination de l'aide ; photographies des conditions de vie ; activité intense depuis le début de la guerre.,1256,997,19/04/2026,1
Chat,,,,Rostov on Don et la région de Rostov,1,Беженцы ЛДНР в Ростове,Réfugiés de la RPD et de la RPL à Rostov,refugies_rpd_rpl_a_rostov,https://t.me/migrant_rostov_rf,01.09.2022,2024-07-22 00:00:00,4138,4137,Chaîne d'information,Générale,,,"Des informations utiles, des offres d'emploi (pas uniquement à Rostov), des actualités, des décrets, des informations administratives (comment obtenir certains documents) sont publiées.",3356,2435,19/04/2026,1
Chat,,,,Rostov on Don et la région de Rostov,0,Ростов-на-Дону.Здоровье,Rostov on Don.Santé,,https://clck.ru/eYSeW,,,,,,Assistance médicale,,,Chaîne réservée aux professionnels de santé ; accès restreint.,,,,
Chat,,,,Rostov on Don et la région de Rostov,0,Мясниковский.Здоровье,Miasnikovski.Santé,,https://t.me/+8oJWCLfN7eFhOTIy,,,,,,Assistance médicale,,,Projet « ZdravKontrol » (Santé Controle) ; non accessible au public.,  ,,,
Chat,,,,Rostov on Don et la région de Rostov,0,Зверево.Здоровье,Zverevo. Santé,,https://t.me/+JwZic2P-xY1kMWMy,,,,,,Assistance médicale,,,Projet « ZdravKontrol » (Santé Controle) ; non accessible au public.,,,,
Chat,,,,Rostov on Don et la région de Rostov,0,Азов.Здоровье,Azov. Santé,,https://t.me/+7ZXHBQjz0bRiY2Iy,,,,,,Assistance médicale,,,Projet « ZdravKontrol » (Santé Controle) ; non accessible au public.,,,,
Chat,,,,Rostov on Don et la région de Rostov,0,ВЕЩИ Беженцам Ростов-на-Дону,ARTICLES pour les réfugiés à Rostov-sur-le-Don,articles_pour_refugies_rostov_on_don,https://t.me/veshibezhentsam,10.09.2022,présent,2613,2616,Messages structurés,Re-use/articles,Склад Ростов,,"Annonces « à céder/recherché » ; entrepôt situé au 229, rue Lermontovskaya ; les transactions sont supprimées.",2001,1819,19/04/2026,1
Chat,,,,Rostov on Don et la région de Rostov,0,#ПодариУдочку Работа для беженцев в Ростове-на-Дону и РО,#OffrezUneCanneÀPêche Emplois pour les réfugiés à Rostov-sur-le-Don et dans la région de Rostov,offrezunecanneapeche,https://t.me/podariudochku,13.02.2023,présent,2377,2417,Messages structurés,Recherche de travail,,,Offres d'emploi par hashtags #recherche_employés / #propose_services.,1738,1574,19/04/2026,1
Chaine,,,,Rostov on Don et la région de Rostov,1,БЕЖЕНЦЫ ДОНБАСС/РОСТОВСКАЯ ОБЛАСТЬ,Réfugiés Donbass/Région de Rostov,refugies_donbass_region_de_rostov,https://t.me/shtab61,20.02.2022,présent,52916,52925,Chaîne d'information,Générale,,,"C'est une chaîne très particulière. À l'origine, elle semblait avoir été créée pour un usage personnel : l'auteur publiait simplement des autocollants et des blagues, puis en juillet 2021, la chaîne a été renommée « ZODIAC|HOROSCOPE » et a commencé à publier des horoscopes. La publication des horoscopes s'est poursuivie jusqu'en novembre 2021, puis le 20 février 2022, la chaîne est redevenue active et a publié des informations sur le début des mouvements militaires à Donetsk et sur l'évacuation des personnes des territoires de la RPD et de la RPL.",1340,982,19/04/2026,1
Chaine,,1,,Rostov on Don et la région de Rostov,0,Дорогие гости Таганрога,Chers invités de Taganrog,chers_invites_de_taganrog,https://t.me/dearguests_tgn,16.05.2022,2025-07-21 00:00:00,1133,1146,Organisationnel,Activités d'une organisation bénévole,Помощь беженцам в Таганроге,Дорогие гости Таганрога,"Ainsi, ce canal rassemble des informations utiles pour les réfugiés à Taganrog : coordonnées, adresses, liens... Des informations administratives y sont également publiées. Pour obtenir l'aide des bénévoles, il est demandé de remplir un formulaire en fournissant les informations suivantes : nom, prénom, numéro de téléphone, date d'arrivée, composition de la famille, âge des membres de la famille, tailles de vêtements, pointures, besoins alimentaires (oui ou non), quartier de la ville, rue et demande spécifique. La chaîne sert également de contact avec d'autres bénévoles prêts à apporter telle ou telle aide humanitaire à l'entrepôt (des listes des articles nécessaires sont publiées). Des reportages photos sur l'aide apportée sont publiés. Les bénévoles publient également parfois leurs impressions sur les rencontres et le travail.",359,312,21/04/2026,1
Chat,1,,,Rostov on Don et la région de Rostov,0,Благотворительный фонд | Доброе дело,Fondation caritative | Une bonne action,fondation_caritative_une_bonne_action_chat,,25.02.2022,présent,,3101,Commentgoupe,Activités d'une organisation bénévole,Доброе дело,Благотворительный фонд | Доброе дело,"Ce fonds existait probablement déjà avant la guerre de 2022, mais ils ont créé leur chaîne Telegram le lendemain du début de l'invasion à grande échelle et ont commencé à aider les personnes qui avaient fui les territoires de la RPD et de la RPL. Les premiers messages concernaient la collecte d'aide humanitaire. Parallèlement, le fonds poursuit ses activités principales et publie également des rapports à ce sujet. Il publie également des rapports sur l'aide apportée à la RPD et à la RPL, et même sur le nombre de personnes qui ont fait appel à lui. Le fonds opère dans la ville de Rostov.",,21,21/04/2026,1
Chaine,,1,,Rostov on Don et la région de Rostov,0,Благотворительный фонд | Доброе дело,Fondation caritative | Une bonne action,fondation_caritative_une_bonne_action,https://t.me/dobroedelo61,25.02.2022,présent,1223,1621,Organisationnel,Activités d'une organisation bénévole,Доброе дело,Благотворительный фонд | Доброе дело,,373,550,21/04/2026,1
Chat,,,,Rostov on Don et la région de Rostov,0,ЧатСборовДваСердца,Discussion de la collecte Deux cœurs,discussion_de_la_collecte_deux_coeurs,https://t.me/ChatSosRostov61,13.04.2022,présent,7238,9269,Communication/discussions/échange d'informations,Activités d'une organisation bénévole,Два сердца ,,Groupe caritatif « Deux cœurs » ; rapports ; histoires de familles.3665#,413,450,21/04/2026,1
Chaine,,1,,Rostov on Don et la région de Rostov,0,ГУМАНИТАРНАЯ ПОМОЩЬ В РОСТОВСКОЙ ОБЛАСТИ,AIDE HUMANITAIRE DANS LA RÉGION DE ROSTOV,aide_humanitaire_dans_la_region_de_rostov,https://t.me/od_dobro_na_donu,09.03.2022,2025-05-23 00:00:00,666,681,Organisationnel,Activités d'une organisation bénévole,Добро на Дону,Добро на Дону,"Depuis 2014, le mouvement social « Dobro-na-Donu » apporte une aide humanitaire aux habitants du Donbass, ainsi qu'aux personnes défavorisées, aux familles à faibles revenus et nombreuses, aux mères célibataires et aux familles en situation difficile résidant dans la région de Rostov. Il convient de noter que la chaîne présente un format très sobre et fournit exclusivement des informations sur les questions administratives et l'aide apportée directement à Rostov et au Donbass.",451,395,21/04/2026,1
Chat,1,,,Rostov on Don et la région de Rostov,0,ГУМАНИТАРНАЯ ПОМОЩЬ В РОСТОВСКОЙ ОБЛАСТИ,AIDE HUMANITAIRE DANS LA RÉGION DE ROSTOV,aide_humanitaire_dans_la_region_de_rostov_chat,,09.03.2022,2025-05-23 00:00:00,666,1527,Commentgoupe,Activités d'une organisation bénévole,Добро на Дону,Добро на Дону,"Depuis 2014, le mouvement social « Dobro-na-Donu » apporte une aide humanitaire aux habitants du Donbass, ainsi qu'aux personnes défavorisées, aux familles à faibles revenus et nombreuses, aux mères célibataires et aux familles en situation difficile résidant dans la région de Rostov. Il convient de noter que la chaîne présente un format très sobre et fournit exclusivement des informations sur les questions administratives et l'aide apportée directement à Rostov et au Donbass.",,17,21/04/2026,1
Chaine,,,,Rostov on Don et la région de Rostov,0,Помощь беженцам Ростов-на-Дону РНД,Assistance aux réfugiés à Rostov-sur-le-Don RND,assistance_aux_refugies_rostov_on_don_RND,https://t.me/+UHFSeGha5MtiZDgy,22.03.2022,présent,435,,Organisationnel,Activités d'une organisation bénévole,Помощь беженцам РнД,,"Chat des bénévoles. Publication de rapports sur l'aide apportée (collecte et distribution d'aide matérielle), ainsi que d'annonces d'emploi. À partir d'un certain moment (juin 2022), le format du canal a été réorganisé afin de fournir une aide ponctuelle à des personnes et dans des cas spécifiques. Ainsi, chaque « questionnaire » donne lieu à une collecte qui est clôturée une fois terminée. « Collecte personnelle ». Malgré cela, les collectes globales se poursuivent (par exemple, des vêtements chauds pour tous à l'approche de l'hiver).",478,,,
Chaine,,1,,Rostov on Don et la région de Rostov,0,КРАСНЫЙ КРЕСТ РОСТОВ,CROIX ROUGE ROSTOV,croix_rouge_rostov,https://t.me/krasnyykrest_rostov,24.02.2022,présent,907,,Organisationnel,Activités d'une organisation bénévole,Красный Крест,Красный Крест,"La chaîne publie des rapports sur les activités de la Croix-Rouge, notamment sur ses initiatives en faveur des personnes déplacées.",1161,,,1
Chat,1,,,Rostov on Don et la région de Rostov,0,КРАСНЫЙ КРЕСТ РОСТОВ,CROIX ROUGE ROSTOV,croix_rouge_rostov_chat,,24.02.2022,présent,,,Commentgoupe,Activités d'une organisation bénévole,Красный Крест,Красный Крест,"La chaîne publie des rapports sur les activités de la Croix-Rouge, notamment sur ses initiatives en faveur des personnes déplacées.",,,,
Chaine,,1,,Rostov on Don et la région de Rostov,0,Центр гуманитарной помощи Милосердие-на-Дону,Centre d'aide humanitaire Miséricorde du Don,centre_aide_humanitaire_misericorde_du_don,https://t.me/cgp_miloserdie_don,17.05.2022,présent,1272,,Organisationnel,Activités d'une organisation bénévole,Милосердие на Дону,Милосердие на Дону,"Ainsi, ce centre ne s'adresse pas uniquement aux réfugiés, mais à un plus grand nombre de groupes de personnes. Les premiers messages publient des rapports sur la quantité d'aide fournie pour une journée donnée. Outre les rapports, des actualités et d'autres annonces sont également publiées.",813,,16/06/2026,1
Chat,1,,,Rostov on Don et la région de Rostov,0,Центр гуманитарной помощи Милосердие-на-Дону,Centre d'aide humanitaire Miséricorde du Don,centre_aide_humanitaire_misericorde_du_don_chat,,17.05.2022,présent,,,Commentgoupe,Activités d'une organisation bénévole,Милосердие на Дону,Милосердие на Дону,"Ainsi, ce centre ne s'adresse pas uniquement aux réfugiés, mais à un plus grand nombre de groupes de personnes. Les premiers messages publient des rapports sur la quantité d'aide fournie pour une journée donnée. Outre les rapports, des actualités et d'autres annonces sont également publiées.",,,,1
Chat,1,,,Rostov on Don et la région de Rostov,0,Дорогие гости Таганрога,Chers invités de Taganrog,chers_invites_de_taganrog_chat,https://t.me/help_tgn,16.05.2022,2025-07-21 00:00:00,,,Commentgoupe,Activités d'une organisation bénévole,Помощь беженцам в Таганроге,Дорогие гости Таганрога,"Ainsi, ce canal rassemble des informations utiles pour les réfugiés à Taganrog : coordonnées, adresses, liens... Des informations administratives y sont également publiées. Pour obtenir l'aide des bénévoles, il est demandé de remplir un formulaire en fournissant les informations suivantes : nom, prénom, numéro de téléphone, date d'arrivée, composition de la famille, âge des membres de la famille, tailles de vêtements, pointures, besoins alimentaires (oui ou non), quartier de la ville, rue et demande spécifique. La chaîne sert également de contact avec d'autres bénévoles prêts à apporter telle ou telle aide humanitaire à l'entrepôt (des listes des articles nécessaires sont publiées). Des reportages photos sur l'aide apportée sont publiés. Les bénévoles publient également parfois leurs impressions sur les rencontres et le travail.",,,,
Chat,,,,Rostov on Don et la région de Rostov,1,Мариуполь в Ростове,Marioupol à Rostov,marioupol_a_rostov,https://t.me/mariupolvrostove,30.05.2022,présent,23175,,Communication/discussions/échange d'informations,Générale,,,Ce chat a été créé pour échanger des informations à l'initiative de bénévoles prêts à répondre aux questions et à rechercher les informations nécessaires. Les personnes s'intéressent principalement aux questions administratives.,238,,,1
Chaine,,1,,Rostov on Don et la région de Rostov,0,Добро в Таганроге,Le bienfait à Taganrog,le_bienfait_a_taganrog,https://t.me/dobro_v_tgn,27.03.2022,présent,5015,,Organisationnel,Activités d'une organisation bénévole,Добро в Таганроге,Добро в Таганроге,"Ce contact sert de lieu de communication entre le centre de bénévolat et les autres personnes désireuses d'apporter leur aide. Il publie des informations sur l'aide apportée, le travail des bénévoles, les besoins des centres : en termes d'aide humaine, de ressources... Il publie également des rapports sur le nombre de personnes arrivant au centre de bénévolat. Les messages sont rédigés dans un style assez émotionnel.",1091,1167,16/06/2026,1
Chat,1,,,Rostov on Don et la région de Rostov,0,Добро в Таганроге,Le bienfait à Taganrog,le_bienfait_a_taganrog_chat,,27.03.2022,présent,,,Commentgoupe,Activités d'une organisation bénévole,Добро в Таганроге,Добро в Таганроге,"Ce contact sert de lieu de communication entre le centre de bénévolat et les autres personnes désireuses d'apporter leur aide. Il publie des informations sur l'aide apportée, le travail des bénévoles, les besoins des centres : en termes d'aide humaine, de ressources... Il publie également des rapports sur le nombre de personnes arrivant au centre de bénévolat. Les messages sont rédigés dans un style assez émotionnel.",,,,1
Chaine,,1,,Rostov on Don et la région de Rostov,0,Ленинградский «ДОБРОВОЛЕЦ»,Le « DOBROVOLETS » (bénévole) de Leningrad,dobrovolets_de_leningrad,https://t.me/DOBROVOLECSP,31.03.2022,présent,4624,,Organisationnel,Activités d'une organisation bénévole,Доброволец,Ленинградский «ДОБРОВОЛЕЦ»,Il s'agit d'une chaine d'aide qui reçoit des dons de Saint-Pétersbourg et les distribue à Rostov. Ce canal permet de soumettre des demandes d'aide en remplissant un formulaire. Il publie également des vidéos et des photos de la distribution de l'aide humanitaire. Des rapports quantitatifs sur le volume de l'aide distribuée sont également publiés.,1329,,,1
Chat,1,,,Rostov on Don et la région de Rostov,0,Ленинградский «ДОБРОВОЛЕЦ»,Le « DOBROVOLETS » (bénévole) de Leningrad,dobrovolets_de_leningrad_chat,,31.03.2022,présent,,,Commentgoupe,Activités d'une organisation bénévole,Доброволец,Ленинградский «ДОБРОВОЛЕЦ»,Il s'agit d'une chaine d'aide qui reçoit des dons de Saint-Pétersbourg et les distribue à Rostov. Ce canal permet de soumettre des demandes d'aide en remplissant un formulaire. Il publie également des vidéos et des photos de la distribution de l'aide humanitaire. Des rapports quantitatifs sur le volume de l'aide distribuée sont également publiés.,,,,1
Chaine,,1,,Rostov on Don et la région de Rostov,0,Неравнодушные,les gens qui ne sont pas indifférents,les_gens_pas_indifferents,https://t.me/neravnodyshnie_taganrog,25.03.2022,2023-10-24 00:00:00,4482,,Organisationnel,Activités d'une organisation bénévole,Неравнодушные,,"Messages sur la situation à la frontière ; photos, récits -- Sur leur chaîne, les bénévoles partagent des informations sur la situation à la frontière, sur l'arrivée des personnes (souvent avec beaucoup de détails, des messages assez émouvants, des photos).",1772,,,1
Chat,1,,,Rostov on Don et la région de Rostov,0,Неравнодушные,les gens qui ne sont pas indifférents,les_gens_pas_indifferents_chat,,25.03.2022,2023-10-24 00:00:00,,,Commentgoupe,Activités d'une organisation bénévole,Неравнодушные,,"Messages sur la situation à la frontière ; photos, récits -- Sur leur chaîne, les bénévoles partagent des informations sur la situation à la frontière, sur l'arrivée des personnes (souvent avec beaucoup de détails, des messages assez émouvants, des photos).",,,,
Chat,,,,Rostov on Don et la région de Rostov,0,ПВР ИП Резванов (Неклиновский район),PVR IP Rezvanov (district de Neklinovsky),pvr_ip_resvanov,https://t.me/legenda202422,22.05.2022,,66866,,,Centres d'hébergement temporaire (PVR),,,"Annonces d'événements, vie quotidienne du PVR, citations, questions des résidents.",104,,,1
Chat,,,,Rostov on Don et la région de Rostov,0,Добрый Ростов: волонтеры в помощь беженцам,Rostov bienveillant : des bénévoles viennent en aide aux réfugiés,rostov_bienveillant,https://t.me/DobryyRostov,12.04.2022,présent,29082,,Organisationnel,Activités d'une organisation bénévole,Добрый Ростов,,"Recherche de bénévoles, aide humanitaire, assistance ciblée.",3961,,,1
Chaine,,1,,Rostov on Don et la région de Rostov,0,Шепот волонтера | ДОНБАСС-МАРАФОН,Le murmure du bénévole | DONBASS-MARATHON,murmure_du_benevole,https://t.me/shepot_volontera,07.04.2022,présent,2103,2323,Organisationnel,Activités d'une organisation bénévole,Шепот волонтера,,"Recherche de bénévoles pour le PVR, collecte d'articles pour le PVR, collecte de dons. Reportages photo sur le travail bénévole. Ce forum contient de nombreuses citations et réflexions sur le travail bénévole.",567,529,16/06/2026,1
Chat,1,,,Rostov on Don et la région de Rostov,0,Шепот волонтера | ДОНБАСС-МАРАФОН,Le murmure du bénévole | DONBASS-MARATHON,murmure_du_benevole_chat,,07.04.2022,présent,,,Commentgoupe,Activités d'une organisation bénévole,Шепот волонтера,,"Recherche de bénévoles pour le PVR, collecte d'articles pour le PVR, collecte de dons. Reportages photo sur le travail bénévole. Ce forum contient de nombreuses citations et réflexions sur le travail bénévole.",,,,1
Chaine,,1,,Belgorod,0,Армия Красоток,Amrée de beauté,armiya_krasotok,https://t.me/skillz_story,,,,,Organisationnel,Activités d'une organisation bénévole,Армия Красоток,Армия Красоток,,,,,1
Chat,1,,,Belgorod,,Армия Красоток,Amrée de beauté,armiya_krasotok_chat,,,,,,Commentgoupe,Activités d'une organisation bénévole,Армия Красоток,Армия Красоток,,,,,1
Chaine,,1,,Moscou et la région de Moscou,0,БЕЖЕНЦЫ МОСКВА И МО,REFUGEÉS À MOSCOUE ET LA RÉGION DE MOSCOU,refugees_a_moscou,https://t.me/NEED2HELP,24.03.2022,présent,273,,Chaîne d'information,Générale,,Беженцы Москва и МО,"Thèmes structurés avec commentaires : logement, travail, biens, fraudeurs, etc.",4449,,,1
Chat,1,,,Moscou et la région de Moscou,0,БЕЖЕНЦЫ МОСКВА И МО,REFUGEÉS À MOSCOUE ET LA RÉGION DE MOSCOU,refugees_a_moscou_chat,,24.03.2022,présent,,,Commentgoupe,Générale,,Беженцы Москва и МО,"Thèmes structurés avec commentaires : logement, travail, biens, fraudeurs, etc.",,,,1
Chat,,,,Moscou et la région de Moscou,0,Москва проездом из Украины в Европу.,"Moscou, en transit de l'Ukraine vers l'Europe.",,https://t.me/+QdQMjZWCEQpmODli,,,,,,Franchissement de la frontière,,,Le chat est fermé. Il est destiné aux personnes qui transitent par Moscou et prévoient de se rendre ensuite en Europe.,4093,,,
Bot,,,,Moscou et la région de Moscou,0,Проездом в Европу — заявки на помощь,En route vers l'Europe — demandes d'assistance,,@urk_ross_europe_transit_bot,,,,,Réception des candidatures,Franchissement de la frontière,,,Collecte des demandes d'aide au transit.,,,,
Chaine,,1,,Moscou et la région de Moscou,0,Дари еду,Offrir de la nourriture,dari_edu,https://t.me/dariedu,25.02.2022,présent,5419,,Organisationnel,Activités d'une organisation bénévole,Дари еду,Дари еду,"Aide à l'échelle de la ville, y compris aux réfugiés ; rapports. À l'origine, ce fonds caritatif n'avait pas été créé exclusivement pour soutenir les réfugiés, mais à partir d'un certain moment, ce groupe de population a commencé à avoir grandement besoin de l'aide de ce fonds.",9103,,,1
Chat,1,,,Moscou et la région de Moscou,0,Дари еду,Offrir de la nourriture,dari_edu_chat,,25.02.2022,présent,,,Commentgoupe,Activités d'une organisation bénévole,Дари еду,Дари еду,"Aide à l'échelle de la ville, y compris aux réfugiés ; rapports. À l'origine, ce fonds caritatif n'avait pas été créé exclusivement pour soutenir les réfugiés, mais à partir d'un certain moment, ce groupe de population a commencé à avoir grandement besoin de l'aide de ce fonds.",,,,1
Chaine,,1,,Moscou et la région de Moscou,0,Волонтеры Подмосковья | Можайск,Volontaires de la région de Moscou | Mozhaisk,volontaires_mozhaisk,https://t.me/volontermzh,05.04.2022,présent,524,,Blog,Activités d'une organisation bénévole,Волонтеры подмосковья,Волонтеры подмосковья,"Chaîne publiant des rapports sur les activités du centre de bénévolat. Des reportages photo sur l'aide apportée aux réfugiés du Donbass y sont publiés. Cela semble très ostentatoire et orienté vers la Russie. Les publications utilisent des slogans, des symboles russes, etc. Souvent, les publications indiquent simplement où ils sont allés, qui ils ont rencontré, et peu d'informations sur l'aide apportée.",363,,,1
Chat,1,,,Moscou et la région de Moscou,0,Волонтеры Подмосковья | Можайск,Volontaires de la région de Moscou | Mozhaisk,volontaires_mozhaisk_chat,,05.04.2022,présent,,,Commentgoupe,Activités d'une organisation bénévole,Волонтеры подмосковья,Волонтеры подмосковья,"Chaîne publiant des rapports sur les activités du centre de bénévolat. Des reportages photo sur l'aide apportée aux réfugiés du Donbass y sont publiés. Cela semble très ostentatoire et orienté vers la Russie. Les publications utilisent des slogans, des symboles russes, etc. Souvent, les publications indiquent simplement où ils sont allés, qui ils ont rencontré, et peu d'informations sur l'aide apportée.",,,,1
Chat,,,,Moscou et la région de Moscou,0,✈️ Шереметьево — отказники/фильтрация,✈️ Sheremetyevo — refus/filtrage,sheremetyevo_refus_filtrage,https://t.me/ukr_v_rf,25.12.2022,présent,25770,,Communication/discussions/échange d'informations,Franchissement de la frontière,,,"Ce chat a été créé pour échanger des informations concernant le passage de la frontière russe à Sheremetyevo. Il s'agit du filtrage des Ukrainiens à Sheremetyevo : s'ils souhaitent se rendre en Russie, certains sont obligés de passer par Sheremetyevo pour ensuite se rendre dans les territoires occupés. Les personnes partagent en détail leurs expériences, comment elles sont interrogées, ce qu'elles voient... Vous pouvez obtenir plus d'informations sur le filtrage sur Internet.",23033,,,1
Chat,,,,Moscou et la région de Moscou,0,Отказники Шереметьево,Les déserteurs de Sheremetyevo,otkazniki_sheremetyevo,https://t.me/otkazniki_ukr,15.11.2023,présent,82704,,Communication/discussions/échange d'informations,Franchissement de la frontière,,,Discussion similaire sur la filtration.,22624,,,
Chat,,,,Crimée,0,Беженцы Крым,Réfugiés Crimée,refugees_crimee,https://t.me/help_crimea,21.03.2022,présent,63520,,Communication/discussions/échange d'informations,Générale,,,Ce chat a été créé pour échanger des informations concernant l'hébergement des réfugiés en Crimée. Il sert également de lieu de communication entre ceux qui souhaitent apporter leur aide et ceux qui en ont besoin (aide informative et matérielle). Il est interdit de discuter de politique ou d'échange de devises dans ce chat.,1251,,,1
Chaine,,,,Crimée,0,Добро Мира — Волонтёры Крыма,Le bien du monde — Les bénévoles de Crimée,dobro_mira,https://t.me/volonterykryma,26.02.2022,présent,10142,,Organisationnel,Activités d'une organisation bénévole,Добро мира,,La chaîne publie des rapports sur les activités bénévoles de la communauté. Elle facilite également la mise en relation avec d'autres personnes désireuses d'apporter leur aide et permet de solliciter divers articles ou une aide financière.,1441,,,1
Chaine,,1,,Crimée,0,Добро V Керчи,Le bienfait V (à) Kerch,bienfait_kerch,https://t.me/dobro_v_kerchi,11.03.2022,2024-07-15 00:00:00,1160,,Organisationnel,Activités d'une organisation bénévole,Добро в Керчи,Добро в Керчи,Cette chaine est une petite branche de la communauté susmentionnée. Des rapports sur l'aide fournie sont également publiés. Les demandes d'aide sont publiées.,224,,,1
Chat,1,,,Crimée,0,Добро V Керчи,Le bienfait V (à) Kerch,bienfait_kerch_chat,https://t.me/DobrovKerchi,11.03.2022,2024-07-15 00:00:00,,,Commentgoupe,Activités d'une organisation bénévole,Добро в Керчи,Добро в Керчи,Cette chaine est une petite branche de la communauté susmentionnée. Des rapports sur l'aide fournie sont également publiés. Les demandes d'aide sont publiées.,,,,1
Chat,,,,Crimée,0,Беженцы Севастополь,Réfugiés Sevastopol,refugees_sevastopol,https://t.me/help_crimea_sevastopol,28.03.2022,présent,36587,,Communication/discussions/échange d'informations,Offre et recherche d'aide,,,Chat pour communiquer et échanger des informations. Offre d'aide et demande d'assistance.,450,,,1
Chat,,,,Crimée,0,Беженцы Симферополь,Réfugiés Simpheropol,refugees_simpheropol,https://t.me/help_crimea_simferopol,28.03.2022,présent,51641,,Communication/discussions/échange d'informations,Offre et recherche d'aide,,,Chat pour la communication et l'échange d'informations. Offre d'aide et demande d'assistance.,574,,,1
Chat,,,,Crimée,0,Отважный КРЫМ — Быть добру!,"Cher CRIMÉE, soyez en bonne santé !",cher_crimee,https://t.me/otvaZhnyje,27.12.2022,présent,4055,,Organisationnel,Activités d'une organisation bénévole,"Часть команды - Фонда Андрея Лысенко ""Быть добру!""",,"Une partie du fonds A. Lysenko ; coordination et rapports. Ce chat est destiné à la communication au sein du centre de bénévolat. D'après les premiers messages, il est évident que cette section existait déjà et qu'ils ont simplement créé un nouveau chat. Dans ce chat, il est possible de consulter les informations relatives au travail des bénévoles : les demandes sont publiées, les messages concernant la coordination du travail, les matériaux nécessaires, etc. sont envoyés, et les rapports sont également publiés. Il convient de noter que le discours d'Andriy Lysenko, bénévole à Donetsk, est très négatif : il qualifie les forces armées ukrainiennes de fascistes qui bombardent Donetsk.",175,был скачан для анализа чатов,,1
Chat,,,,Crimée,0,Дорога в Крым (Чонгар/и др.),"Route vers la Crimée (Chongar, etc.)",route_crimee,https://t.me/CrimeaWay,07.01.2023,présent,29269,,Communication/discussions/échange d'informations,Franchissement de la frontière,,,"Les personnes partagent leur expérience du passage des frontières. Elles mentionnent souvent que le trajet est particulièrement inquiétant. Elles évoquent l'état de la route, la durée du trajet et les documents qui leur ont été demandés. La route terrestre vers la Crimée passe par Melitopol, Berdiansk, Marioupol, Novoazovsk et Taganrog. La longueur du trajet entre le poste-frontière de « Chongar » et la frontière de la région de Rostov (poste-frontière « Veselo-Voznesensk ») est d'environ 387 kilomètres. La durée approximative du trajet est de sept heures.",8700,,,1
Chat,,,,Crimée,0,Сухопутный Путь в Крым,Route terrestre vers la Crimée,route_terr_crimee,https://t.me/alternativeroadcrimea,14.12.2022,présent,132009,,Communication/discussions/échange d'informations,Franchissement de la frontière,,,"Expérience de conduite ; documents, temps.",20022,,,1
Chat,,,,Crimée,0,Симферополь.Здоровье,Simferopol. Santé,,https://t.me/+ch1CXzqHmzlmZTVi,,,,,,Assistance médicale,,,Liens vers les chats des médecins.,,,,
Chaine,,,,Crimée,0,АПП Джанкой | Оперативно,APP Dzhankoy | Opérationnel,app_dzankoy,https://t.me/dzhankoi_official,06.08.2023,présent,,,Messages structurés,Franchissement de la frontière,,,Des informations concernant les règles à respecter aux points de passage sont publiées. Quelques messages,18777,,,1
Chat,,,,Krasnodar et la région de Krasnodar,0,СПАСИБО — отдать/принять в дар (Динской район),MERCI — offrir/accepter un cadeau (district de Dinskoy),mercI_dinskoy,https://t.me/spasibo_nvt,09.03.2022,présent,9088,,Messages structurés,Re-use/articles,,,Échange d'objets,556,,,
Chaine,,1,,Krasnodar et la région de Krasnodar,0,ЛЮБИ БЛИЖНЕГО,AIMEZ TON PROCHE,aimez_proche,https://t.me/love_neighbor_krd,17.05.2022,2022-08-17 00:00:00,395,,Organisationnel,Activités d'une organisation bénévole,Люби ближнего,Люби ближнего,"Cette chaine publie des rapports sur le travail accompli, ainsi que des photographies. De temps à autre, des publications philosophiques sur l'amour, le bénévolat, etc. sont également partagées.",131,,,1
Chat,1,,,Krasnodar et la région de Krasnodar,0,ЛЮБИ БЛИЖНЕГО,AIMEZ TON PROCHE,aimez_proche_chat,,17.05.2022,2022-08-17 00:00:00,,,Commentgoupe,Activités d'une organisation bénévole,Люби ближнего,Люби ближнего,"Cette chaine publie des rapports sur le travail accompli, ainsi que des photographies. De temps à autre, des publications philosophiques sur l'amour, le bénévolat, etc. sont également partagées.",,,,1
Chat,,,,Krasnodar et la région de Krasnodar,0,Помощь беженцам Краснодар,Assistance aux réfugiés à Krasnodar,assistance_krasnodar,https://t.me/sospeopledon,22.03.2022,présent,13269,,Communication/discussions/échange d'informations,Offre et recherche d'aide,,,"Le chat est destiné à l'échange général d'informations. Informations sur la possibilité d'apporter une aide, demandes d'aide.",1077,,,1
Chat,,,,Krasnodar et la région de Krasnodar,0,Херсонцы в Туапсе,Les habitants de Kherson à Tuapse,assistance_tuapse,https://t.me/KhersonTuapse,08.11.2022,présent,38074,,Communication/discussions/échange d'informations,Centres d'hébergement temporaire (PVR),,,"Depuis la création du chat, les personnes partagent leur expérience de séjour à l'hôtel et leurs impressions sur la ville. Elles partagent des photos de leurs chambres et du processus de formalités administratives. À partir de là, il est possible de suivre le déroulement du processus de formalités après le déménagement.",575,,,1
Chat,,,,Krasnodar et la région de Krasnodar,0,Херсонцы в Краснодаре,Les habitants de Kherson à Krasnodar,habitants_krasnodar,https://t.me/hersonkuban,11.11.2022,présent,53622,,Communication/discussions/échange d'informations,Générale,,,"Logement, transactions, accompagnement ; communication.",1707,,,1
Chaine,,1,,Krasnodar et la région de Krasnodar,0,Помощь | Краснодар,Assistance| Krasnodar,assist_krasnodar,https://t.me/heIp_krd,02.04.2022,2025-04-02 00:00:00,1718,,Organisationnel,Activités d'une organisation bénévole,Помощь Краснодар,Помощь Краснодар,"La chaîne « Aide » est un groupe de personnes de Krasnodar qui souhaitent soutenir les familles ukrainiennes se trouvant sur le territoire russe, qui ont tout perdu et ont été contraintes de quitter leur domicile. Ce groupe fournit une aide personnalisée à certaines familles, en dressant des listes des articles et de l'aide nécessaires dans un tableau afin d'organiser la collecte de l'aide nécessaire. Il publie également des rapports sur l'aide collectée et les demandes générales pour toutes les familles dans le besoin.",1149,,,1
Chat,1,,,Krasnodar et la région de Krasnodar,0,Помощь | Краснодар,Assistance| Krasnodar,assist_krasnodar_chat,,02.04.2022,2025-04-02 00:00:00,,,Commentgoupe,Activités d'une organisation bénévole,Помощь Краснодар,Помощь Краснодар,"La chaîne « Aide » est un groupe de personnes de Krasnodar qui souhaitent soutenir les familles ukrainiennes se trouvant sur le territoire russe, qui ont tout perdu et ont été contraintes de quitter leur domicile. Ce groupe fournit une aide personnalisée à certaines familles, en dressant des listes des articles et de l'aide nécessaires dans un tableau afin d'organiser la collecte de l'aide nécessaire. Il publie également des rapports sur l'aide collectée et les demandes générales pour toutes les familles dans le besoin.",,,,1
Chat,,,,Krasnodar et la région de Krasnodar,0,Штаб помощи | Краснодар,Centre d'assistance | Krasnodar,centre_krasnodar,https://t.me/refugeeskrasnodar,29.11.2022,présent,11069,,Communication/discussions/échange d'informations,Activités d'une organisation bénévole,Штаб помощи Краснодар,,"Ce chat sert de lieu de communication entre les réfugiés et les personnes en mesure de leur apporter de l'aide. L'aide est fournie après remplissage d'un questionnaire dans lequel le réfugié indique ses informations personnelles et ses besoins. À l'occasion du Nouvel An 2023, le quartier général a organisé un événement pour les enfants. Le remplissage du questionnaire est obligatoire. Le quartier général a également ouvert un point de distribution d'aide. Il existe également des reportages photo et des annonces concernant divers articles livrés au quartier général (par exemple, des chaussures). Le questionnaire est obligatoire pour recevoir une aide humanitaire et participer aux événements.",1743,,,1
Chat,,,,Belgorod,0,Помощь беженцам Белгород Волонтеры,Assistance aux réfugiés Belgorod Bénévoles,assist_belgorod,https://t.me/help_nearbyChat,05.04.2022,2023-12-10 00:00:00,8361,,Communication/discussions/échange d'informations,Activités d'une organisation bénévole,"""Помощь рядом"", основаны Белгородской христианской церковью",,"Il est interdit de diffuser les informations issues de ce chat. Ce chat a été créé par l'association bénévole « Pomoshch ryadom » (L'aide à portée de main), fondée par l'Église chrétienne de Belgorod. Son objectif est d'aider les réfugiés ukrainiens à trouver un logement, à remplir leurs documents administratifs, à obtenir une aide humanitaire et un soutien spirituel. Des bénévoles issus de plusieurs églises de la région de Belgorod y travaillent. L'aide est apportée à tous, indépendamment de leur confession ou de leur religion. Ce chat publie des rapports sur les activités de l'organisation bénévole, et d'autres personnes peuvent également demander de l'aide pour elles-mêmes et leur famille en expliquant leur situation. Les gens demandent également des informations, certains proposent leur aide ou sollicitent une assistance.",1918,,,
Chaine,,,,Belgorod,0,"Марфо-Мариинское сестричество милосердия, Белгород","Confrérie de la Charité Marfo-Mariinsky, Belgorod",confrerie_de_la_charite,https://t.me/belmiloserdie,24.03.2022,présent,5818,,Organisationnel,Activités d'une organisation bénévole,Церковный штаб помощи беженцам,,Centre d'aide aux réfugiés de l'Église,661,,,1
Chat,,,,Belgorod,0,"Вторая жизнь — помогаем беженцам, Белгород","Une seconde vie – nous soutenons les réfugiés, Belgorod",une_seconde_vie,https://t.me/vtorayazhiznbelgorod,05.09.2022,présent,72686,,Messages structurés,Re-use/articles,,,"Dans ce chat, les personnes font don de vêtements pour aider ceux qui en ont besoin. De même, ceux qui ont besoin de certains articles peuvent en faire la demande dans le chat.",1988,,,1
Chat,,,,Belgorod,0,На твоей стороне — Центр помощи,À tes côtés : le Centre d'aide,a_tes_cotes,https://t.me/natvoeistorone,05.09.2022,2025-07-08 00:00:00,30059,,Communication/discussions/échange d'informations,Activités d'une organisation bénévole,На твоей стороне,,Le chat est un espace de communication entre les bénévoles du centre d'aide et les personnes dans le besoin. Les personnes demandent si elles disposent de certains articles et expriment leur gratitude après leur visite.,1901,,,1
Chaine,,1,,Belgorod,0,Координационный центр помощи беженцам,Centre de coordination de l'aide aux réfugiés,centre_de_coordination,https://t.me/KCPBGKTN,14.12.2022,2023-11-23 00:00:00,879,,Chaîne d'information,Générale,,,"La chaîne publie des rapports sur les activités du centre, des sélections d'objets offerts, d'autres informations utiles sur la ville et des informations administratives pertinentes.",122,,,1
Chat,1,,,Belgorod,0,Координационный центр помощи беженцам,Centre de coordination de l'aide aux réfugiés,centre_de_coordination_chat,,14.12.2022,2023-11-23 00:00:00,,,Commentgoupe,Générale,,,"La chaîne publie des rapports sur les activités du centre, des sélections d'objets offerts, d'autres informations utiles sur la ville et des informations administratives pertinentes.",,,,1
Chaine,,,,Belgorod,0,Помощь Шебекино №1,Assistance à Chebekino n° 1,assistance_a_chebekino,https://t.me/helpshebekino,31.05.2023,2023-07-01 00:00:00,3459,,Messages structurés,Offre et recherche d'aide,,,"Cette chaine publie des demandes d'aide et des messages de personnes souhaitant apporter leur soutien, accompagnés de leurs coordonnées. L'aide peut prendre différentes formes : transporter quelqu'un en voiture, héberger quelqu'un chez soi, donner des affaires, etc.",3525,,,1
Bot,,,,Belgorod,0,volunteers_31_bot,volunteers_31_bot,,@volunteers_31_bot,,,,,Réception des candidatures,Offre et recherche d'aide,,,Formulaire de demande d'aide.,,,,
Bot,,,,Belgorod,0,Путь в Будущее — помощь детям,Le chemin vers l'avenir — aider les enfants,,@help_refugees_school31_bot,,,,,Réception des candidatures,Offre et recherche d'aide,,,Formulaires pour l'aide aux enfants.,,,,
Chaine,,1,,Belgorod,0,Быть добрее — объединение добрых сердец,Être plus bienveillant — rassembler les cœurs bienveillants,etre_plus_bienveillant,https://t.me/dobreebydem,07.06.2023,2023-09-01 00:00:00,138,,Organisationnel,Activités d'une organisation bénévole,Быть добрее,Быть добрее,"Cette organisation bénévole a pour but d'aider les gens à Shebekino - ville dans la région de Belgorod, Russie. Ce canal sert également de moyen de communication entre les bénévoles, les militants et toute autre personne désireuse d'apporter son aide. Des reportages photos sont publiés sur les articles collectés, le fonctionnement des centres d'hébergement temporaire, l'obtention d'une aide financière, etc.",66,,,1
Chat,1,,,Belgorod,0,Быть добрее — объединение добрых сердец,Être plus bienveillant — rassembler les cœurs bienveillants,etre_plus_bienveillant_chat,,07.06.2023,2023-09-01 00:00:00,,,Commentgoupe,Activités d'une organisation bénévole,Быть добрее,Быть добрее,"Cette organisation bénévole a pour but d'aider les gens à Shebekino - ville dans la région de Belgorod, Russie. Ce canal sert également de moyen de communication entre les bénévoles, les militants et toute autre personne désireuse d'apporter son aide. Des reportages photos sont publiés sur les articles collectés, le fonctionnement des centres d'hébergement temporaire, l'obtention d'une aide financière, etc.",,,,1
Chat,,,, Bachkortostan (Ufa),0,Птички Башкортостана (помощь беженцам),Les oiseaux du Bachkortostan (aide aux réfugiés),,https://t.me/+ZgUlYX1v_8E0MDli,,,,,,Activités d'une organisation bénévole,Птички Башкортостана,,demandes via @Bsk_help_bot.,205,,,
Bot,,,, Bachkortostan (Ufa),0,ПВР Башкирия,PVR Bachkirie,,https://t.me/Bsk_help_bot,,,,,Réception des candidatures,Centres d'hébergement temporaire (PVR),,,Bot pour la collecte des demandes d'assistance : PVR/salle/contacts.,,,,
Chat,,,,Vladivostok/Primorié,0,Помощь беженцам из Украины в Приморье,Assistance aux réfugiés ukrainiens dans la région de Primorié,,https://t.me/+5LOL3iWHfrA3NGMy,,,,,,Centres d'hébergement temporaire (PVR),,,"Le groupe a été initialement créé pour assister 306 réfugiés de Marioupol, arrivés le 21 avril 2022 au centre d'hébergement temporaire du village de Vranguel, dans la région de Primorsk. Actuellement, une assistance est également fournie aux réfugiés.",278,,,
Chaine,,1,,Tcheboksary/Tchouvachie,0,Помощь беженцам в Чувашии,Assistance aux réfugiés en Tchouvachie,assist_tchouvachie,https://t.me/pomosh_v_chuvashii,26.04.2022,2024-07-23 00:00:00,922,,Organisationnel,Activités d'une organisation bénévole,Помощь беженцам в Чувашии,Помощь беженцам в Чувашии,"Informations sur les PVR (« Etker », « Alyi Parus »). Ce canal sert également à communiquer les demandes d'aide nécessaires (sous forme de requêtes), les rapports sur « ce qui se passe actuellement » - ce que les bénévoles ont accompli, l'avancement de leur travail, ce qu'ils savent des besoins des réfugiés. Des listes des besoins sont publiées, des collectes sont organisées, des informations utiles sont publiées, des fonds sont collectés pour l'achat d'aide humanitaire, des rapports sont publiés. Rapports photo.",386,,,1
Chat,1,,,Tcheboksary/Tchouvachie,0,Помощь беженцам в Чувашии,Assistance aux réfugiés en Tchouvachie,assist_tchouvachie_chat,,26.04.2022,2024-07-23 00:00:00,,,Commentgoupe,Activités d'une organisation bénévole,Помощь беженцам в Чувашии,Помощь беженцам в Чувашии,"Informations sur les PVR (« Etker », « Alyi Parus »). Ce canal sert également à communiquer les demandes d'aide nécessaires (sous forme de requêtes), les rapports sur « ce qui se passe actuellement » - ce que les bénévoles ont accompli, l'avancement de leur travail, ce qu'ils savent des besoins des réfugiés. Des listes des besoins sont publiées, des collectes sont organisées, des informations utiles sont publiées, des fonds sont collectés pour l'achat d'aide humanitaire, des rapports sont publiés. Rapports photo.",,,,1
Chat,,,,Tcheboksary/Tchouvachie,0,помощь в Чувашии,Assistance en Tchouvachie,assistance_tchouvachie,https://t.me/+iYyovmhye1RjNmUy,,,,,,Activités d'une organisation bénévole,Помощь беженцам в Чувашии,,Discussion et demandes.,205,,,
Chaine,,1,,Saint-Pétersbourg et la région de Leningrad,0,Петербург. Остающиеся,Saint-Pétersbourg. Les restants,restants_stpet,https://t.me/bezencywspb,03.06.2022,2024-03-05 00:00:00,36,,Chaîne d'information,Générale,,Петербург. Остающиеся,"Ce canal fournit des informations structurées et des liens vers d'autres ressources et canaux utiles pour les réfugiés. Les messages sont classés par thème et les commentaires sous les publications permettent aux personnes de discuter de ces thèmes (par exemple, offres d'emploi ou recherche d'emploi, logement disponible, etc.). Il s'agit en général du chat principal, et les chats suivants, dont le nom comporte la mention « Restants », sont ses sous-chats.",427,,,1
Chat,1,,,Saint-Pétersbourg et la région de Leningrad,0,Петербург. Остающиеся,Saint-Pétersbourg. Les restants,restants_stpet_chat,,03.06.2022,2024-03-05 00:00:00,,,Commentgoupe,Générale,,Петербург. Остающиеся,"Ce canal fournit des informations structurées et des liens vers d'autres ressources et canaux utiles pour les réfugiés. Les messages sont classés par thème et les commentaires sous les publications permettent aux personnes de discuter de ces thèmes (par exemple, offres d'emploi ou recherche d'emploi, logement disponible, etc.). Il s'agit en général du chat principal, et les chats suivants, dont le nom comporte la mention « Restants », sont ses sous-chats.",,,,1
Chat,,,,Saint-Pétersbourg et la région de Leningrad,0,Беженцы Тихвин (2.0),Réfugiés de Tikhvine (2.0),ref_tikhvine,https://t.me/help_tikhvin,03.05.2022,2025-07-27 00:00:00,15084,,Communication/discussions/échange d'informations,Centres d'hébergement temporaire (PVR),,,"Ce chat permet aux personnes dans le besoin de solliciter de l'aide (recherche d'emploi, de logement, de certains articles, etc.). De plus, ceux qui sont en mesure d'apporter cette aide répondent aux messages ou proposent directement ce qu'ils peuvent offrir, en attendant qu'une personne réponde.",638,,,1
Chat,,,,Saint-Pétersbourg et la région de Leningrad,0,Канал Петербург. Остающиеся — Чат Вакансии,Chaîne Saint-Pétersbourg. Restants — Chat Offres d'emploi,emploi-stpet-restants,https://t.me/+k985EUf0yKZhNWZi,,,,,,Recherche de travail,,Петербург. Остающиеся,Le chat est fermé.,287,,,
Chaine,,1,,Saint-Pétersbourg et la région de Leningrad,0,Склад на Миргородской,Entrepôt à Mirgorodskaya,entrepot_mirgorodskaya,https://t.me/sklad_mirgorod,16.09.2022,2025-07-10 00:00:00,709,,Organisationnel,Activités d'une organisation bénévole,Склад на Миргородской,Склад на Миргородской,"Ce centre de collecte rassemble les dons de personnes désireuses d'aider et fournit une assistance aux personnes dans le besoin (envoi à Marioupol, Belgorod, la région de Leningrad, Voronej, la région de Pskov, etc.). Le canal publie les articles dont le besoin est le plus urgent à l'heure actuelle. Les demandes d'aide sont soumises en contactant directement un bénévole.",1068,,,1
Chat,1,,,Saint-Pétersbourg et la région de Leningrad,0,Склад на Миргородской,Entrepôt à Mirgorodskaya,entrepot_mirgorodskaya_chat,,16.09.2022,2025-07-10 00:00:00,,,Commentgoupe,Activités d'une organisation bénévole,Склад на Миргородской,Склад на Миргородской,"Ce centre de collecte rassemble les dons de personnes désireuses d'aider et fournit une assistance aux personnes dans le besoin (envoi à Marioupol, Belgorod, la région de Leningrad, Voronej, la région de Pskov, etc.). Le canal publie les articles dont le besoin est le plus urgent à l'heure actuelle. Les demandes d'aide sont soumises en contactant directement un bénévole.",,,,1
Chaine,,,,Saint-Pétersbourg et la région de Leningrad,0,ГУМСклад,HumEntrepot,hum_entrepot,https://t.me/gumskladspb,10.08.2022,présent,972,,Organisationnel,Activités d'une organisation bénévole,ГУМСклад,,"À l'instar du canal du dépôt, ce dépôt publie des annonces concernant la collecte de l'aide humanitaire nécessaire, rédige également des articles plus généraux (par exemple sur les uniformes scolaires), publie des réflexions sur le travail des bénévoles et des reportages photos sur le travail accompli.",5254,,,1
Chat,,,,Saint-Pétersbourg et la région de Leningrad,0,Вещи для кураторов семей СПб.,Articles destinés aux curateurs des familles de Saint-Pétersbourg.,articles_stpet,https://t.me/+zEMVPCGP2zIwZDYy,,,,,,Activités d'une organisation bénévole,Кураторы семей СПБ,,Cette communauté est destinée à aider les tuteurs qui s'occupent de familles ayant un besoin urgent d'aide. Seuls les bénévoles et les tuteurs sont autorisés à publier et à écrire sur le mur conformément aux règles du groupe.,499,,,
Chat,,,,Saint-Pétersbourg et la région de Leningrad,0,Петербург. Остающиеся. Ищу работу,Saint-Pétersbourg. Ceux qui restent. Je recherche un emploi.,job_stpet,https://t.me/+HyiCAOIAgWAyMTQy,,,,,,Recherche de travail,,Петербург. Остающиеся,Reposts de recherches d'emploi.,93,,,
Chat,,,,Saint-Pétersbourg et la région de Leningrad,0,Петербург. Остающиеся. Жильё,Saint-Pétersbourg. Ceux qui restent. Logement,logement_stpet,https://t.me/+K1Jm38fCZ6cwYTFi,,,,,,Recherche de logement,,Петербург. Остающиеся,Reposts de logements.,67,,,
Chat,,,,Saint-Pétersbourg et la région de Leningrad,0,Ссылки на чаты врачей (СПб),Liens vers les chats des médecins (Saint-Pétersbourg),liens_med_stpet,https://t.me/+9g5192-ewk5mNDJi,,,,,,Assistance médicale,,,Navigateur de liens vers des forums médicaux.,,,,
Chaine,,,,Saint-Pétersbourg et la région de Leningrad,0,Предложение вещей СПб — Украина,Offre d'articles Saint-Pétersbourg — Ukraine,articles_stpetersbourg,https://t.me/predlojenievechivspb,17.05.2022,2022-05-17 00:00:00,,,Messages structurés,Re-use/articles,,,"Tous les messages du chat, sauf un, ont été supprimés. D'après ce message, il s'agissait d'un chat d'entrepôt où étaient publiées des annonces de dons et où il était également possible de contacter les administrateurs pour proposer ses propres dons. Une fois les dons effectués, l'annonce était supprimée. « L'entrepôt de Technologika accepte les dons pour ceux qui restent, donc ici, pour l'assortiment, il faut tout ce qu'il y a dans une maison moderne ordinaire, et toutes les petites choses domestiques que les gens ont cessé de remarquer, même s'ils les utilisent. Nous acceptons également les articles ménagers tels que le savon, la lessive, les crèmes, les gels, les shampoings, les bijoux fantaisie, les barrettes, les jouets, les livres et autres articles similaires. »",228,,,1
Chat,,,,Saint-Pétersbourg et la région de Leningrad,0,Ссылки на организации и чаты вещевой помощи (СПб),Liens vers les organisations et les chats d'aide matérielle (Saint-Pétersbourg),aide_met_liens_stpet,https://t.me/+kZJ-Ib9zf-kwYTIy,,,,,Agrégateur de liens,Re-use/articles,,,"Liens vers des groupes « à céder gratuitement », des magasins, etc.",119,,,
Chat,,,,Saint-Pétersbourg et la région de Leningrad,0,Петербург. Остающиеся. Психологическая помощь,Saint-Pétersbourg. Ceux qui restent. Assistance psychologique,psy_stpet,https://t.me/+BGdN-7czLacyNWE6,,,,,,Assistance psychologique,,Петербург. Остающиеся,Navigateur de propositions.,26,,,
Chat,,,,Saint-Pétersbourg et la région de Leningrad,0,Петербург. Остающиеся. Учёба,Saint-Pétersbourg. Ceux qui restent. Education,education_st_pet,https://t.me/+Ua_sCU5nYw0zMTQy,,,,,,Éducation des enfants / aide scolaire,,Петербург. Остающиеся,Une activité modérée.,20,,,
Chat,,,,Saint-Pétersbourg et la région de Leningrad,0,Благотворительные (СПб),Organisations caritatives (Saint-Pétersbourg),caritatives_stpet,https://t.me/+IGyUh9DysQpkZGM6,,,,,,Activités d'une organisation bénévole,,,Collection de liens.,43,,,
Chat,,,,Saint-Pétersbourg et la région de Leningrad,0,Бесплатные мероприятия (СПб),Événements gratuits (Saint-Pétersbourg),evenements_stpet,https://t.me/+EqLkREzkSnY2ZWNi,,,,,,Initiatives dans la ville,,,Liens vers des événements culturels gratuits.,33,,,
Chat,,,,Saint-Pétersbourg et la région de Leningrad,0,Бесплатные культурные мероприятия — Петербург. Остающиеся,Événements culturels gratuits — Saint-Pétersbourg. Restants,culture_stpet,https://t.me/+t83D_ULLzvVhYWMy,,,,,,Initiatives dans la ville,,Петербург. Остающиеся,"Coordination des activités, des cours et des promenades.",48,,,
Chat,,,,Saint-Pétersbourg et la région de Leningrad,0,Психологическая помощь для беженцев офлайн (СПб),Assistance psychologique hors ligne pour les réfugiés (Saint-Pétersbourg),psyref_stpet,https://t.me/pomosh_bezhencam,02.11.2023,2024-08-24 00:00:00,131,,Organisationnel,Assistance psychologique,,,Inscription à des groupes de soutien ; faible activité.,15,,,1
Chaine,,1,,Voronej,0,Искусство Жить | Помощь переселенцам Воронеж,L'art de vivre | Assistance aux personnes déplacées à Voronej,art_de_vivre_voronej,https://t.me/art_live_36,25.02.2022,présent,1272,,Organisationnel,Activités d'une organisation bénévole,Искусство жить,,"Cette chaine est un portail d'information du centre d'aide aux migrants à Voronej, créé notamment par des migrants qui se sont installés en 2014 et sont devenus des citoyens russes à part entière. Ce canal sert donc de moyen de communication entre cette association, les personnes désireuses d'apporter leur aide et celles qui en ont besoin. Les bénévoles y publient des annonces d'emploi et rendent compte du travail accompli (distribution d'aide humanitaire), des demandes d'aide de bénévoles, des annonces concernant les horaires d'ouverture de leur entrepôt. Chaque publication est accompagnée de nombreuses photos - compte rendu des événements passés. L'association collabore également fréquemment avec d'autres organismes. Ce centre fonctionne encore aujourd'hui, mais le nombre de ces rapports a diminué. La publication d'informations sur le fonctionnement de l'entrepôt pour les personnes ayant besoin d'aide humanitaire se poursuit. D'après les publications, une grande partie de l'activité se déroule au niveau de l'organisation d'événements.",876,,,1
Chat,1,,,Voronej,0,Искусство Жить | Помощь переселенцам Воронеж,L'art de vivre | Assistance aux personnes déplacées à Voronej,art_de_vivre_voronej_chat,,25.02.2022,présent,,,Commentgoupe,Activités d'une organisation bénévole,Искусство жить,,"Cette chaine est un portail d'information du centre d'aide aux migrants à Voronej, créé notamment par des migrants qui se sont installés en 2014 et sont devenus des citoyens russes à part entière. Ce canal sert donc de moyen de communication entre cette association, les personnes désireuses d'apporter leur aide et celles qui en ont besoin. Les bénévoles y publient des annonces d'emploi et rendent compte du travail accompli (distribution d'aide humanitaire), des demandes d'aide de bénévoles, des annonces concernant les horaires d'ouverture de leur entrepôt. Chaque publication est accompagnée de nombreuses photos - compte rendu des événements passés. L'association collabore également fréquemment avec d'autres organismes. Ce centre fonctionne encore aujourd'hui, mais le nombre de ces rapports a diminué. La publication d'informations sur le fonctionnement de l'entrepôt pour les personnes ayant besoin d'aide humanitaire se poursuit. D'après les publications, une grande partie de l'activité se déroule au niveau de l'organisation d'événements.",,,,1
Chaine,,1,,Voronej,0,БФ «Волонтерский корпус 36»,Fondation caritative « Corps de volontaires 36 »,corps_de_volontaires,https://t.me/volonterskiykorpus36,12.03.2022,présent,530,,Organisationnel,Activités d'une organisation bénévole,Волонтерский корпус 36,,"Réunions, annonces.",296,,,1
Chat,1,,,Voronej,0,БФ «Волонтерский корпус 36»,Fondation caritative « Corps de volontaires 36 »,corps_de_volontaires_chat,,12.03.2022,présent,,,Commentgoupe,Activités d'une organisation bénévole,Волонтерский корпус 36,,"Réunions, annonces.",,,,1
Chat,,,1,Voronej,0,АНО «Сердце волонтёра» (чат),ANO « Cœur de bénévole » (chat),coeur_de_benevole,https://t.me/serdce_volontera,,,,,Organisationnel,Activités d'une organisation bénévole,Сердце волонтера,,"Documents, rapports, discussions, projets.",1157,,,1
Chat,,,1,Voronej,0,Бобров — Чат Добра — ПВР,Bobrov — Chat du Bien — PVR,bobrov_PVR,https://t.me/PVRBobrov,,,,,Communication/discussions/échange d'informations,Centres d'hébergement temporaire (PVR),,,"Entrepôt, adresses, forum de discussion, etc.",220,,,1
Chat,,,,Voronej,0,Вещи беженцам | Воронеж,Articles pour les réfugiés | Voronej,articles_voronej,https://t.me/+nmxv8M2Tsw8xMDRi,,,,,,Re-use/articles,,,Remise/réception d'objets.,645,,,
Chat,,,,Izhevsk,1,Помочь Лично — Мариупольцам,Aider personnellement les habitants de Marioupol,aider_perso,https://t.me/izh_help,29.04.2022,2025-08-21 00:00:00,3498,,Communication/discussions/échange d'informations,Offre et recherche d'aide,,,"Ce groupe a été créé par un groupe de bénévoles. Son objectif est d'offrir un soutien personnalisé aux familles de Marioupol (soutien matériel, informationnel et émotionnel). Le groupe permet à toute personne désireuse d'aider de proposer son aide et à toute personne dans le besoin de la solliciter.",486,,,1
Bot,,,,Izhevsk,0,Помочь лично (бот),Assistance personnelle (bot),,@izh_help_bot,,,,,Réception des candidatures,Offre et recherche d'aide,,,Ce bot a été créé par le même groupe de bénévoles que le chat ci-dessus. Ce chat a été créé pour recueillir des suggestions et des demandes d'aide. Le bot n'est plus opérationnel.,,,,
Chat,,,,Tyla,0,Тула гостеприимная: помощь беженцам,"Tula, une ville accueillante : assistance aux réfugiés",Tula_assist,https://t.me/+wVhtZlHnnz5lOGQ6,,,,,,Activités d'une organisation bénévole,Волонтерская организация в Туле,,Groupe d'assistance bénévole.,92,,,
Chat,,,,Novossibirsk,0,Новосибирская помощь беженцам,Assistance aux réfugiés à Novossibirsk,assist_novossib,https://t.me/+7Wd0eWpmwSQxODdk,,,,,,Offre et recherche d'aide,,,,82,,,
Chaine,,1,,Kazan,0,Все люди. Помощь переселенцам Казань,Tout le monde est humain. Assistance aux personnes déplacées à Kazan,tout_le_monde_est_humain_kazan,https://t.me/kznhelpua,16.04.2022,2023-05-09 00:00:00,143,,Organisationnel,Activités d'une organisation bénévole,Все люди,Все люди,"Nous fonctionnons exclusivement selon les principes de l'auto-organisation, ne représentons aucune partie politique, religieuse ou autre, n'avons ni dirigeants, ni supérieurs, ni subordonnés, et ne disposons d'aucune autre bureaucratie propre aux organisations commerciales. Ce chat a été créé pour rendre compte des activités bénévoles et pour communiquer avec la communauté au sujet de l'aide nécessaire aux réfugiés.",576,,,1
Chat,1,,,Kazan,0,Все люди. Помощь переселенцам Казань,Tout le monde est humain. Assistance aux personnes déplacées à Kazan,tout_le_monde_est_humain_kazan_chat,,16.04.2022,2023-05-09 00:00:00,,,Commentgoupe,Activités d'une organisation bénévole,Все люди,Все люди,"Nous fonctionnons exclusivement selon les principes de l'auto-organisation, ne représentons aucune partie politique, religieuse ou autre, n'avons ni dirigeants, ni supérieurs, ni subordonnés, et ne disposons d'aucune autre bureaucratie propre aux organisations commerciales. Ce chat a été créé pour rendre compte des activités bénévoles et pour communiquer avec la communauté au sujet de l'aide nécessaire aux réfugiés.",,,,1
Chat,,,,Shakhty,0,"Новошахтинск, Шахты — Помощь беженцам","Novoshakhtinsk, Shakhty — Assistance aux réfugiés",assistance_shakhty,https://t.me/pomohbegencam,22.05.2022,présent,449632,,Messages structurés,Offre et recherche d'aide,,aide Shakhty,Chat à grande échelle pour les demandes/l'assistance ; questionnaires/bots.,3797,,,1
Chat,,,,Shakhty,0,Шахты-Новошахтинск — помощь и вещи,Shakhty-Novoshakhtinsk — assistance et articles,assistance_articles,https://t.me/shahty_pomosh_pereselencam,08.06.2023,présent,285,,Communication/discussions/échange d'informations,Offre et recherche d'aide,,,"Une demande d'adhésion est requise. Discussion sur les demandes d'assistance, les offres d'aide et la communication.",140,,,1
Bot,,,,Shakhty,0,help_refugees_Shahti_bot,help_refugees_Shahti_bot,help_ref_shakhty,@help_refugees_Shahti_bot,,,,,Réception des candidatures,Offre et recherche d'aide,,aide Shakhty,Bot pour la collecte des demandes d'assistance,,,,
Chat,,,,Novorossiysk,0,Помощь в Новороссийске,Assistance à Novorossiysk,assistance_novorossiysk,https://t.me/donbasskrasnodarskiy,05.04.2022,présent,29292,,Communication/discussions/échange d'informations,Générale,,,"Chat destiné à la communication entre les personnes ayant besoin d'aide et celles souhaitant apporter leur soutien, ainsi qu'à l'échange d'informations.",1605,,,1
Chat,,,,Volgograd,0,Помощь Волгоград,Assistance à Volgograd,assistance_volgograd,https://t.me/helpvlg,19.04.2022,présent,4321,,Organisationnel,Activités d'une organisation bénévole,Помощь Волгоград,,"Chat destiné à la communication entre les personnes ayant besoin d'aide et celles souhaitant apporter leur soutien, ainsi qu'à l'échange d'informations.",499,,,1
Chaine,,1,,Kaliningrad,0,Помощь беженцам. Калининград,Assistance aux réfugiés. Kaliningrad,assistance_kaliningrad,https://t.me/refugee_assistance,07.04.2022,2022-12-31 00:00:00,170,,Organisationnel,Activités d'une organisation bénévole,Помощь беженцам Калининград,Помощь беженцам Калининград,"Cette chaine facilite la communication entre les activités du centre de bénévolat et les autres citoyens désireux d'apporter leur aide : il publie des demandes d'aide humanitaire, des rapports sur l'aide apportée, des reportages photo, des appels à bénévoles et des demandes de soutien financier.",823,,,1
Chat,1,,,Kaliningrad,0,Помощь беженцам. Калининград,Assistance aux réfugiés. Kaliningrad,assistance_kaliningrad_chat,,07.04.2022,2022-12-31 00:00:00,,,Commentgoupe,Activités d'une organisation bénévole,Помощь беженцам Калининград,Помощь беженцам Калининград,"Cette chaine facilite la communication entre les activités du centre de bénévolat et les autres citoyens désireux d'apporter leur aide : il publie des demandes d'aide humanitaire, des rapports sur l'aide apportée, des reportages photo, des appels à bénévoles et des demandes de soutien financier.",,,,1
Chat,,,,Krasnoïarsk,0,Помощь беженцам в Красноярске,Assistance aux réfugiés à Krasnoïarsk,assistance_krasnoiarsk,https://t.me/pomoshgh,24.03.2022,2024-09-05 00:00:00,1380,,Communication/discussions/échange d'informations,Offre et recherche d'aide,,,"Il est nécessaire de soumettre une demande pour rejoindre le chat. Le chat est destiné à la communication entre les personnes ayant besoin d'aide et celles souhaitant apporter leur aide, ainsi qu'à l'échange d'informations.",49,,,1
Chat,,,,Nijni Novgorod,0,Помощь беженцам в Нижнем Новгороде,Assistance aux réfugiés à Nijni Novgorod,assistance_nino,https://t.me/refugeeInNNov,25.04.2022,présent,21004,,Communication/discussions/échange d'informations,Offre et recherche d'aide,,,"Cette chaine facilite la communication entre les activités du centre de bénévolat et les autres citoyens désireux d'apporter leur aide : il publie des demandes d'aide humanitaire, des rapports sur l'aide apportée, des reportages photo, des appels à bénévoles et des demandes de soutien financier.",1069,,,1
Chat,,,,Ryazan,0,Рязань помощь,Ryazan assistance ,assist_ryazan,https://t.me/ryazanpomosh,18.04.2022,2025-08-11 00:00:00,7128,,Communication/discussions/échange d'informations,Offre et recherche d'aide,,,"Il est nécessaire de soumettre une demande pour rejoindre le chat. Des informations utiles sont publiées. Rapports. Actualités. Chat pour la communication entre ceux qui ont besoin d'aide et ceux qui souhaitent aider, ainsi que pour l'échange d'informations.",183,,,
Chaine,,1,,Samara,0,Помощь беженцам Украины в Самаре,Assistance aux réfugiés ukrainiens à Samara,assist_samara,https://t.me/samarapomosch,29.03.2022,2022-12-06 00:00:00,17,,Messages structurés,Offre et recherche d'aide,,Samara,Cette chaine permet aux personnes qui ont besoin d'aide dans divers domaines de soumettre leurs demandes (sous certains messages dans les commentaires). Des informations utiles sont également publiées. Des collectes individuelles sont organisées pour des familles spécifiques.,205,,,1
Chat,1,,,Samara,0,Помощь беженцам Украины в Самаре,Assistance aux réfugiés ukrainiens à Samara,assist_samara_chat,,29.03.2022,2022-12-06 00:00:00,,,Commentgoupe,Offre et recherche d'aide,,Samara,Cette chaine permet aux personnes qui ont besoin d'aide dans divers domaines de soumettre leurs demandes (sous certains messages dans les commentaires). Des informations utiles sont également publiées. Des collectes individuelles sont organisées pour des familles spécifiques.,,,,1
Chat,,,,Sotchi,0,Помощь г. Сочи — Краснодарский край,Assistance à Sotchi — Région de Krasnodar,assistance_sotchi,https://t.me/mirvsochi,28.07.2022,2024-06-02 00:00:00,938,,Communication/discussions/échange d'informations,Activités d'une organisation bénévole,Помощь в Сочи,,Centre d'aide bénévole,2211,,,1
Chat,,,,Penza,0,Беженцы Пенза РФ,"Réfugiés Penza, Fédération de Russie",refugees_penza,https://t.me/ukr_penza,26.05.2022,présent,12241,,Communication/discussions/échange d'informations,Activités d'une organisation bénévole,Беженцы Пенза,,"Chat destiné à la communication entre les personnes ayant besoin d'aide et celles souhaitant apporter leur soutien, ainsi qu'à l'échange d'informations.",1157,,,1
Chat,,,,Volokalamsk,0,ПВР Дубосеково,PVR Dubosekovo,pvr_dubosekovo,https://t.me/volokalamsk,06.05.2022,2025-05-01 00:00:00,6416,,Communication/discussions/échange d'informations,Centres d'hébergement temporaire (PVR),,,Chat local d'un PVR spécifique. Des informations sont publiées concernant les collectes d'aide pour les personnes relevant spécifiquement de ce PVR.,74,,,1
Chat,,,,Ekaterinbourg,0,ПОМ (Екатеринбург и область),POM (Ekaterinbourg et région),POM,http://bit.ly/ekbrefugeehelp,,,,,,Offre et recherche d'aide,,,Assistance aux personnes déplacées : Ekaterinbourg et trois centres d'accueil dans la région.,384,,,
Chat,,,,Ekaterinbourg,0,Беженцы ЕКАТЕРИНБУРГ,Réfugiés à EKATERINBOURG,ref_ekaterinbourg,https://t.me/+6rda3c6C4xY1MjBi,,,,,,Offre et recherche d'aide,,,Recherche d'assistance à Ekaterinbourg,3,,,
Chat,,,,Lipetsk,0,Липецк проездом из Украины в Европу,Lipetsk en transit entre l'Ukraine et l'Europe,lipetsk_transit,https://t.me/+3r9IWuQAQOZkYzIy,,,,,,Franchissement de la frontière,,,Discussion pour ceux qui traversent Lipetsk en provenance d'Ukraine vers l'Europe,50,,,
Chaine,,1,,Stariy Oskol,0,Взаимодействие — Помощь беженцам,Interaction — Assistance aux réfugiés,interaction_assist,https://t.me/vzaimodeistvie,04.05.2022,2025-08-18 00:00:00,3750,,Organisationnel,Activités d'une organisation bénévole,Взаимодействие,Взаимодействие,"Ce canal facilite la communication entre les activités du centre de bénévolat et les autres citoyens désireux d'apporter leur aide : il publie des demandes d'aide humanitaire, des rapports sur l'aide apportée, des reportages photo, des appels à bénévoles et des demandes de soutien financier.",558,,,1
Chat,1,,,Stariy Oskol,0,Взаимодействие — Помощь беженцам,Interaction — Chat,vsaimodeystvie,https://t.me/stovzaim,04.05.2022,2025-08-18 00:00:00,,,Commentgoupe,Activités d'une organisation bénévole,Взаимодействие,Взаимодействие,"Ce canal facilite la communication entre les activités du centre de bénévolat et les autres citoyens désireux d'apporter leur aide : il publie des demandes d'aide humanitaire, des rapports sur l'aide apportée, des reportages photo, des appels à bénévoles et des demandes de soutien financier.",,,,1
Bot,,,,Stariy Oskol,0,school_StariyOskol_bot,school_StariyOskol_bot,stariy_oscol,@school_StariyOskol_bot,,,,,Réception des candidatures,Éducation des enfants / aide scolaire,,,Ce bot vous invite à remplir un questionnaire (concernant un enfant) afin d'obtenir de l'aide (la nature exacte de cette aide n'est pas précisée).,,,,
Chaine,,1,,Stavropol,0,АВТО ВОЛОНТЁР 26stv,AUTO BÉNÉVOLE 26stv,auto_benevole,https://t.me/avtovolonter26stv,11.08.2022,2024-09-26 00:00:00,44,,Messages structurés,Recherche des bénévoles auto,,,La chaîne publie des annonces pour rechercher des bénévoles disposés à soutenir le travail des ONG. Des messages de remerciement pour l'aide apportée sont également publiés.,26,,,1
Chat,1,,,Stavropol,0,АВТО ВОЛОНТЁР 26stv,AUTO BÉNÉVOLE 26stv,auto_benevole_chat,,11.08.2022,2024-09-26 00:00:00,,,Commentgoupe,Recherche des bénévoles auto,,Autobenevole,La chaîne publie des annonces pour rechercher des bénévoles disposés à soutenir le travail des ONG. Des messages de remerciement pour l'aide apportée sont également publiés.,26,,,1
Chat,,,,Tioumen,0,Добрый чат | Помощь в Тюмени,Chat convivial | Assistance à Tioumen,assistance_tioumen,https://t.me/dobrychat_tyumen,22.06.2022,2025-04-14 00:00:00,2989,,Communication/discussions/échange d'informations,Offre et recherche d'aide,,Autobenevole,"Chat destiné à la communication entre les personnes ayant besoin d'aide et celles souhaitant apporter leur soutien, ainsi qu'à l'échange d'informations.",,,,1
Chat,,,,Perm,1,"ДНР, ЛНР помощь и общение — Пермский край","DNR, LNR assistance et communication — Région de Perm",assistance_perm,https://t.me/dnrlnrPermskiikrai,06.10.2022,2025-07-20 00:00:00,1974,,Communication/discussions/échange d'informations,Générale,,,"Inscription sur demande. Chat pour la communication entre les personnes ayant besoin d'aide et celles souhaitant apporter leur soutien, ainsi que pour l'échange d'informations.",33,,,1
Chaine,,1,,Khabarovsk,0,Помощь беженцам в Хабаровске,Assistance aux réfugiés à Khabarovsk,refugees_khabarovsk,https://t.me/mycity_canhelp,05.05.2022,2023-09-13 00:00:00,606,,Organisationnel,Activités d'une organisation bénévole,Шанс,Шанс,"Ce canal facilite la communication entre les activités du centre de bénévolat et les autres citoyens désireux d'apporter leur aide : il publie des demandes d'aide humanitaire, des rapports sur l'aide apportée, des reportages photo, des appels à bénévoles et des demandes de soutien financier.",322,,,1
Chat,1,,,Khabarovsk,0,Помощь беженцам в Хабаровске,Assistance aux réfugiés à Khabarovsk,assist_khabarovsk_chat,,05.05.2022,2023-09-13 00:00:00,,,Commentgoupe,Activités d'une organisation bénévole,Шанс,Шанс,"Ce canal facilite la communication entre les activités du centre de bénévolat et les autres citoyens désireux d'apporter leur aide : il publie des demandes d'aide humanitaire, des rapports sur l'aide apportée, des reportages photo, des appels à bénévoles et des demandes de soutien financier.",,,,1
Chat,,,,Khabarovsk,0,Беженцы в Хабаровске,Réfugiés à Khabarovsk,ref_khabarovsk,https://t.me/talktoukr,08.05.2022,2023-10-22 00:00:00,5831,,Messages structurés,Offre et recherche d'aide,,,"Chat destiné à la communication entre les personnes ayant besoin d'aide et celles souhaitant apporter leur soutien, ainsi qu'à l'échange d'informations.",290,,,1
Chat,,,,Tcheliabinsk,0,Помощь беженцам / Челябинск,Assistance aux réfugiés / Tcheliabinsk,assistance_tcheliabinsk,https://t.me/chelyabinsk2022pomogat,14.07.2022,2025-07-21 00:00:00,1533,,Organisationnel,Activités d'une organisation bénévole,Помощь беженцам,,"Il est nécessaire de soumettre une demande pour rejoindre le chat. Ce chat est principalement un lieu de communication et de coordination pour les bénévoles, où ils discutent des besoins des réfugiés dont ils s'occupent, de ce dont chacun a besoin, de la manière d'apporter une aide, etc.",71,,,1
Chat,,,,Nizhny Tagil,0,ПОМ НТ,POM NT,pom_nt,https://t.me/pomtagil,23.07.2022,2024-05-05 00:00:00,2930,,Organisationnel,Activités d'une organisation bénévole,ПОМ НТ,,"Il est nécessaire de soumettre une demande pour rejoindre le chat. Ce chat est plutôt un lieu de communication et de coordination entre les bénévoles, où ils discutent des besoins des réfugiés dont ils s'occupent, de ce dont chacun a besoin, de la manière d'aider, etc. Parallèlement, les réfugiés soumettent leurs demandes quelque part, qui sont ensuite examinées par ces bénévoles.",78,,,1
Chat,,,,Shakhty,0,Понаехали тут Шахты,Les nouveaux arrivants Shakhty,nouveaux_arriv_shakhty,https://t.me/ponaehalytutSHACHTY,12.06.2022,présent,,,Communication/discussions/échange d'informations,Générale,,aide Shakhty,"Ce canal semble avoir été créé par des Ukrainiens qui se sont installés dans la ville de Shakhty. Il ne s'agit pas d'une organisation bénévole. Ce chat comprend également un canal et un bot, tous créés dans le but de favoriser l'entraide et l'échange d'informations.",,,,1
,,,,,,,,,,,,,,,,,,,,,,
,,,,,,,,,,,,,,,,,,,,,,
,Открыто к просмотру но запрет на скачивание сообщений,,,,,,,,,,,,,,,,,,,,,
,"Не особо связано с тематикой, большой объем данных - пока не скачано",,,,,,,,,,,,,,,,,,,,,
,Закрыто - нет доступа и возможности читать ,,,,,,,,,,,,,,,,,,,,,
,Больше не существует ,,,,,,,,,,,,,,,,,,,,,
,Бот нельзя скачать,,,,,,,,,,,,,,,,,,,,,
,,,,,,,,,,,,,,,,,,,,,,
,Пока что скачан только текст,,,,,,,,,,,,,,,,,,,,,
,Скачано целиком,,,,,,,,,,,,,,,,,,,,,