target_label,target_word,selected_word,role,example_id,excerpt,title,url,n_examples_found
Refugies,беженец,беженец,target,1,"Пресс-служба уточнила, что круглосуточный оперативный волонтерский штаб будет координировать работу по сбору и распределению гуманитарной помощи, встрече беженцев с Донбасса, организации условий проживания и психологической поддержке.","Волонтеры развернули штаб ""Мы вместе"" для помощи прибывшим из ДНР и ЛНР гражданам",https://tass.ru/obschestvo/13763103,5
Refugies,беженец,беженец,target,2,"Руководитель Роспотребнадзора Анна Попова, вылетевшая в Ростовскую область для организации помощи беженцам из Донбасса, особое внимание уделит организации безопасного питания, особенно детей.",Роспотребнадзор уделит особое внимание организации питания беженцев в Ростовской области,https://tass.ru/obschestvo/13762457,5
Refugies,беженец,беженец,target,3,"По поручению президента РФ Владимира Путина беженцам, прибывающим в регион, выплатят по 10 тыс. рублей, в область отправились врио главы МЧС Александр Чуприян и глава Роспотребнадзора Анна Попова.",Роспотребнадзор уделит особое внимание организации питания беженцев в Ростовской области,https://tass.ru/obschestvo/13762457,5
Refugies,беженец,беженец,target,4,"""Палатки для размещения беженцев, прибывших из Донецкой и Луганской республик, разворачивают вблизи пункта пропуска Матвеев Курган, примерно в 300 метрах от пункта пропуска"", - сказал собеседник агентства.",Источник: для эвакуированных из ДНР и ЛНР разворачивают палатки возле КПП Матвеев Курган,https://tass.ru/obschestvo/13762407,5
Refugies,беженец,беженец,target,5,"Нижегородская область направит 40 тонн гуманитарной помощи в Ростовскую область для беженцев с Донбасса, два грузовика повезут продовольствие и товары первой необходимости в субботу.",Нижегородская область направит 40 тонн гуманитарной помощи беженцам с Донбасса,https://tass.ru/obschestvo/13762337,5
Refugies,беженец,украинец,neighbor,1,"/ТАСС/. Украинцы с подконтрольных киевским властям территорий Украины, а также жители Донбасса в понедельник начали прибывать в Крым и размещаться у родственников и друзей, сообщил ТАСС председатель регионального отделения Российского Красного Креста (РКК) Владимир Баучкин.","В РКК сообщили, что граждане Украины эвакуируются в Крым из-за столкновений в Донбассе",https://tass.ru/obschestvo/13786703,5
Refugies,беженец,украинец,neighbor,2,"Он затруднился оценить, сколько всего украинцев с подконтрольных киевским властям территорий Украины и жителей ДНР и ЛНР разместились на полуострове.","В РКК сообщили, что граждане Украины эвакуируются в Крым из-за столкновений в Донбассе",https://tass.ru/obschestvo/13786703,5
Refugies,беженец,украинец,neighbor,3,"Власти также обратились к жителям, которые готовы принять у себя украинцев.",МВД Литвы зарегистрировало 10 тыс. пунктов для размещения беженцев с Украины,https://tass.ru/mezhdunarodnaya-panorama/13841351,5
Refugies,беженец,украинец,neighbor,4,"Как во вторник заявил замминистра внутренних дел республики Виталиюс Дмитриевас, Литва готовится принять до 100 тыс. украинцев.",МВД Литвы зарегистрировало 10 тыс. пунктов для размещения беженцев с Украины,https://tass.ru/mezhdunarodnaya-panorama/13841351,5
Refugies,беженец,украинец,neighbor,5,"По его словам, оцениваются возможности приема беженцев по трем сценариям: если в Литве будет 5 тыс., 25 тыс. и до 100 тыс. украинцев.",МВД Литвы зарегистрировало 10 тыс. пунктов для размещения беженцев с Украины,https://tass.ru/mezhdunarodnaya-panorama/13841351,5
Refugies,беженец,вынужденный,neighbor,1,"Волонтеры также готовы оказать психологическую и социальную поддержку вынужденным переселенцам, отметил он.","Волонтеры развернули штаб ""Мы вместе"" для помощи прибывшим из ДНР и ЛНР гражданам",https://tass.ru/obschestvo/13763103,5
Refugies,беженец,вынужденный,neighbor,2,"""В целях создания условий для вынужденных переселенцев с юго-востока Украины, прибывающих на территорию Российской Федерации, в Республике Дагестан организован сбор гуманитарной помощи с целью оперативной отправки в пункты временного размещения в Ростовскую область для людей пожилого возраста, женщин, детей и сирот"", - сказал собеседник агентства.",В Дагестане организовали сбор гуманитарной помощи для беженцев из Донбасса,https://tass.ru/obschestvo/13770453,5
Refugies,беженец,вынужденный,neighbor,3,"""На базе регионального Красного креста открылся пункт приема гуманитарной помощи для вынужденных переселенцев из ДНР и ЛНР.",Пункт сбора гуманитарной помощи беженцам из ДНР и ЛНР открыли в Белгороде,https://tass.ru/obschestvo/13769633,5
Refugies,беженец,вынужденный,neighbor,4,"""Вчера правительством перечислены деньги на выплаты вынужденным переселенцам с территории Украины, и каждому, кто прибыл на территорию с момента объявления эвакуации, будет выплачено по 10 тыс. рублей, сейчас организованы все работы по выполнению этой работы, с сегодняшнего дня пойдут компенсационные выплаты"", - отметил он.","Чуприян сообщил, что беженцев из Донбасса готовы принять 26 российских регионов",https://tass.ru/obschestvo/13765485,5
Refugies,беженец,вынужденный,neighbor,5,"""В настоящее время о готовности к принятию вынужденных переселенцев заявили 30 регионов России.",Более 250 пунктов временного размещения в России готовы принять жителей Донбасса,https://tass.ru/obschestvo/13776293,5
Refugies,беженец,переселенец,neighbor,1,"Волонтеры также готовы оказать психологическую и социальную поддержку вынужденным переселенцам, отметил он.","Волонтеры развернули штаб ""Мы вместе"" для помощи прибывшим из ДНР и ЛНР гражданам",https://tass.ru/obschestvo/13763103,5
Refugies,беженец,переселенец,neighbor,2,"Первые составы уже сегодня отправятся из Таганрога в Воронеж, где для переселенцев также подготовлены четыре пункта временного размещения (ПВР)"", - сказал он.","МЧС сообщает, что эвакуацию беженцев из Донбасса будут вести круглосуточно",https://tass.ru/obschestvo/13770969,5
Refugies,беженец,переселенец,neighbor,3,"""В целях создания условий для вынужденных переселенцев с юго-востока Украины, прибывающих на территорию Российской Федерации, в Республике Дагестан организован сбор гуманитарной помощи с целью оперативной отправки в пункты временного размещения в Ростовскую область для людей пожилого возраста, женщин, детей и сирот"", - сказал собеседник агентства.",В Дагестане организовали сбор гуманитарной помощи для беженцев из Донбасса,https://tass.ru/obschestvo/13770453,5
Refugies,беженец,переселенец,neighbor,4,"""На базе регионального Красного креста открылся пункт приема гуманитарной помощи для вынужденных переселенцев из ДНР и ЛНР.",Пункт сбора гуманитарной помощи беженцам из ДНР и ЛНР открыли в Белгороде,https://tass.ru/obschestvo/13769633,5
Refugies,беженец,переселенец,neighbor,5,"""Губернатор Денис Паслер поручил Минтруду региона сформировать перечень профессий, по которым есть вакансии для переселенцев из ЛНР и ДНР.",В Оренбургской области сформируют перечень вакансий для беженцев из ЛНР и ДНР,https://tass.ru/obschestvo/13768435,5
Refugies,беженец,приезжих,neighbor,1,"На месте эвакуированных встречают волонтеры, которые распределяют потоки приезжих по автобусам и помогают им донести вещи.",Поезд с эвакуированными жителями Донбасса прибыл в Наро-Фоминск,https://tass.ru/obschestvo/13798449,4
Refugies,беженец,приезжих,neighbor,2,В этой связи ряд небольших городов вынуждены отказываться от дальнейшего приема приезжих.,СМИ: регионам ФРГ все сложнее принимать беженцев,https://tass.ru/mezhdunarodnaya-panorama/15372103,4
Refugies,беженец,приезжих,neighbor,3,На железнодорожном вокзале Нальчика была организована встреча приезжих.,Более 500 переселенцев прибыли в Кабардино-Балкарию из Херсонской области,https://tass.ru/obschestvo/16348777,4
Refugies,беженец,приезжих,neighbor,4,"Он также признал, что власти не имеют сведений о местожительстве половины приезжих.",Украинские беженцы потянулись домой:,https://tass.ru/opinions/15276009,4
Refugies,беженец,эвакуированных,neighbor,1,"Также он добавил, что часть эвакуированных жителей республики была направлена на другой пункт пропуска через границу, из-за чего, по его словам, некоторые семьи разделились.","Волонтер рассказал о помощи жителям ДНР, которые не едут в пункты временного размещения",https://tass.ru/obschestvo/13762975,5
Refugies,беженец,эвакуированных,neighbor,2,"В пятницу главы ЛНР и ДНР Леонид Пасечник и Денис Пушилин заявили об эвакуации жителей республик в связи с нарастающей угрозой боевых действий, а также о готовности России принять на своей территории эвакуированных людей.",Путин поручил обеспечить выплаты по 10 тыс. руб. беженцам из Донбасса в Ростовской области,https://tass.ru/obschestvo/13759323,5
Refugies,беженец,эвакуированных,neighbor,3,"Исполняющий обязанности главы МЧС Александр Чуприян в палаточном лагере МЧС для эвакуированных граждан ДНР на КПП Матвеев Курган
РОСТОВ-НА-ДОНУ.","МЧС сообщает, что эвакуацию беженцев из Донбасса будут вести круглосуточно",https://tass.ru/obschestvo/13770969,5
Refugies,беженец,эвакуированных,neighbor,4,/ТАСС/. Режим повышенной готовности введен в Волгоградской области в связи с приемом эвакуированных жителей Донецкой и Луганской народных республик.,Режим повышенной готовности вводится в Волгоградской области из-за приема жителей Донбасса,https://tass.ru/obschestvo/13768591,5
Refugies,беженец,эвакуированных,neighbor,5,"В Пензенской области, по информации правительства, готовы принять 700 эвакуированных семей из ДНР и ЛНР.",В Оренбургской области сформируют перечень вакансий для беженцев из ЛНР и ДНР,https://tass.ru/obschestvo/13768435,5
Refugies,беженец,приднестровье,neighbor,1,"/ТАСС/. Власти Приднестровья готовятся оказать содействие беженцам, которые могут прибыть с территории Украины.",Власти Приднестровья заявили о подготовке к приему беженцев с Украины,https://tass.ru/obschestvo/13838457,3
Refugies,беженец,приднестровье,neighbor,2,"/ТАСС/. Свыше 274 тыс. украинских беженцев зарегистрировались в Приднестровье с февраля 2022 года, сообщило МВД непризнанной республики.",В Приднестровье с 2022 года зарегистрировались свыше 274 тыс. беженцев с Украины,https://tass.ru/mezhdunarodnaya-panorama/21758613,3
Refugies,беженец,приднестровье,neighbor,3,"Граждане Украины получили возможность устроиться на работу в Приднестровье, а их дети бесплатно посещают школы и детские сады.",В Приднестровье с 2022 года зарегистрировались свыше 274 тыс. беженцев с Украины,https://tass.ru/mezhdunarodnaya-panorama/21758613,3
Refugies,беженец,подсчитать,neighbor,1,"/ТАСС/. Управление верховного комиссара ООН по делам беженцев (УВКБ) подсчитало, что с 24 февраля по 9 августа 2022 года в страны Европы прибыли в общей сложности более 6,4 млн беженцев с Украины.","В ООН сообщили, что в страны Европы прибыли более 6,3 млн беженцев с Украины",https://tass.ru/obschestvo/15431229,3
Refugies,беженец,подсчитать,neighbor,2,"""Количества людей эвакуированных цифры, конечно, нет, но можно по людям, которые подали заявления на получение материальной помощи в объеме 100 тыс. рублей [подсчитать].",Крым принял более 20 тыс. эвакуированных жителей Херсонской области,https://tass.ru/obschestvo/16624439,3
Refugies,беженец,подсчитать,neighbor,3,"/ТАСС/. Управление верховного комиссара ООН по делам беженцев (УВКБ) подсчитало, что с 24 февраля по 4 октября 2022 года в страны Европы прибыли в общей сложности более 7,6 млн беженцев с Украины.","В страны Европы с 24 февраля прибыли более 7,6 млн беженцев с Украины",https://tass.ru/obschestvo/15967821,3
Refugies,беженец,первоначальный,neighbor,1,Первоначальный объем выделенных средств в 5 млрд рублей позволял выплатить по 10 тыс. рублей 500 тыс. граждан.,"Общий объем средств для выплат эвакуированным жителям Донбасса установили в 1,5 млрд руб.",https://tass.ru/obschestvo/13963459,5
Refugies,беженец,первоначальный,neighbor,2,Сбор гуманитарной помощи для пострадавших жителей Донбасса был организован Межрелигиозной рабочей группой по защите прав верующих от дискриминации и ксенофобии Совета по взаимодействию с религиозными объединениями при президенте РФ (первоначальное название в 2017 году - Межрелигиозная рабочая группа по оказанию помощи населению Сирии).,Гуманитарную помощь от религиозных общин РФ передадут нуждающимся в Мариуполе 9-11 апреля,https://tass.ru/obschestvo/14279765,5
Refugies,беженец,первоначальный,neighbor,3,"В первоначальных прогнозах УВКБ, опубликованных 25 февраля, речь шла о том, что Украину могут покинуть до 4 млн беженцев.","В ООН заявили, что за сутки в соседние с Украиной страны прибыли более 32 тыс. беженцев",https://tass.ru/obschestvo/14476557,5
Refugies,беженец,первоначальный,neighbor,4,"Но, скорее всего, осталось не более половины от первоначального числа жителей.","Сальдо сообщил, что около 68 тыс. жителей Херсонщины эвакуировались в другие регионы РФ",https://tass.ru/obschestvo/16848005,5
Refugies,беженец,первоначальный,neighbor,5,"Она отметила, что на первоначальном этапе, ""очень долго оформлялись документы"", но сейчас эта ситуация исправлена.",Москалькова отметила быструю реакцию властей на запросы эвакуированных из зоны СВО,https://tass.ru/obschestvo/17750493,5
Refugies,беженец,человек,neighbor,1,"Как сообщил председатель Российского Красного Креста Павел Савчук, организация окажет прибывшим гражданам гуманитарную помощь и ""сделает все возможное, чтобы облегчить судьбу людей"".","Волонтеры развернули штаб ""Мы вместе"" для помощи прибывшим из ДНР и ЛНР гражданам",https://tass.ru/obschestvo/13763103,5
Refugies,беженец,человек,neighbor,2,"""Люди, которые едут в ПВР, должны дождаться автобусов, идти по спискам, чтобы встать на довольствие.","Волонтер рассказал о помощи жителям ДНР, которые не едут в пункты временного размещения",https://tass.ru/obschestvo/13762975,5
Refugies,беженец,человек,neighbor,3,"<…> Мы возим людей, которые едут к родственникам.","Волонтер рассказал о помощи жителям ДНР, которые не едут в пункты временного размещения",https://tass.ru/obschestvo/13762975,5
Refugies,беженец,человек,neighbor,4,"Сейчас везу людей на вокзал, они уедут к родственникам в Крым, и в Ростов-на-Дону к сестре - девушку с ребенком.","Волонтер рассказал о помощи жителям ДНР, которые не едут в пункты временного размещения",https://tass.ru/obschestvo/13762975,5
Refugies,беженец,человек,neighbor,5,"Но таких людей немного"", - сказал он.","Волонтер рассказал о помощи жителям ДНР, которые не едут в пункты временного размещения",https://tass.ru/obschestvo/13762975,5
Refugies,беженец,полагать,neighbor,1,"""Поэтому надо принимать на работу эвакуированных из ЛНР и ДНР как граждан РФ"", - полагает он.","Эксперты считают, что малый бизнес в РФ готов трудоустроить эвакуированных из ЛНР и ДНР",https://tass.ru/ekonomika/13891407,3
Refugies,беженец,полагать,neighbor,2,"/ТАСС/. Представитель Свободной демократической партии Германии (СвДП) Штефан Томаэ полагает, что прибывающие в ФРГ беженцы с Украины в будущем не должны получать прямые гражданские пособия.","В СвДП заявили, что беженцы с Украины должны получать право на убежище",https://tass.ru/mezhdunarodnaya-panorama/20166279,3
Refugies,беженец,полагать,neighbor,3,"Полагаю, большинство из них может предпочитать следовать такой схеме: зарегистрироваться для получения пособий, а затем самостоятельно устроиться на работу ""по-черному"" — пусть даже теми же уборщицами или сиделками, но за наличный расчет, в обход казны.",Украинские беженцы потянулись домой:,https://tass.ru/opinions/15276009,3
Benevoles,волонтер,волонтер,target,1,"/ТАСС/. Волонтеры Общероссийского народного фронта (ОНФ), Всероссийского студенческого корпуса спасателей, Российского Красного Креста и других добровольческих объединений формируют штаб ""Мы вместе"" для оказания поддержки прибывающим на территорию России из Донецкой и Луганской народных республик (ДНР и ЛНР).","Волонтеры развернули штаб ""Мы вместе"" для помощи прибывшим из ДНР и ЛНР гражданам",https://tass.ru/obschestvo/13763103,5
Benevoles,волонтер,волонтер,target,2,"Волонтеры также готовы оказать психологическую и социальную поддержку вынужденным переселенцам, отметил он.","Волонтеры развернули штаб ""Мы вместе"" для помощи прибывшим из ДНР и ЛНР гражданам",https://tass.ru/obschestvo/13763103,5
Benevoles,волонтер,волонтер,target,3,"Пока таких жителей немного, сообщил ТАСС один из волонтеров Юрий Мезинов.","Волонтер рассказал о помощи жителям ДНР, которые не едут в пункты временного размещения",https://tass.ru/obschestvo/13762975,5
Benevoles,волонтер,волонтер,target,4,"""Из-за <...> усложнения ситуации часть людей отправили через пункт пропуска Новоазовск, сейчас людей отвезу, и поедем семьи воссоединять"", - сказал волонтер.","Волонтер рассказал о помощи жителям ДНР, которые не едут в пункты временного размещения",https://tass.ru/obschestvo/13762975,5
Benevoles,волонтер,волонтер,target,5,"""В случае прибытия людей на территорию региона с ними будет организована сопроводительная работа студенческими педагогическими отрядами, волонтерами акции ""Мы вместе"" в местах временного размещения"", - сообщили в правительстве, добавив, что область уже имеет опыт принятия беженцев с территории республик.",В Оренбургской области сформируют перечень вакансий для беженцев из ЛНР и ДНР,https://tass.ru/obschestvo/13768435,5
Benevoles,волонтер,доброволец,neighbor,1,"/ТАСС/. Жителей ДНР, которые после эвакуации из республики приняли решение остановиться в России не в пункте временного размещения, а у родственников, начали отвозить добровольцы.","Волонтер рассказал о помощи жителям ДНР, которые не едут в пункты временного размещения",https://tass.ru/obschestvo/13762975,5
Benevoles,волонтер,доброволец,neighbor,2,"Доброволец уточнил, что в данный момент, по его мнению, необходимо обеспечить на границе пункты обогрева, так как те люди, которых он забрал, простояли на погранпереходе около двух часов.","Волонтер рассказал о помощи жителям ДНР, которые не едут в пункты временного размещения",https://tass.ru/obschestvo/13762975,5
Benevoles,волонтер,доброволец,neighbor,3,"""Наша сводная группа из добровольцев МГЕР (""Молодая гвардия ""Единой России"" - прим. ТАСС), ""Молодежки ОНФ"" и движения ""Мы вместе"", которую мы отправили в Ростовскую область, под руководством Игоря Кастюкевича уже приступила к работе.","""Единая Россия"" окажет гуманитарную помощь эвакуированным из Донбасса жителям",https://tass.ru/ekonomika/13770261,5
Benevoles,волонтер,доброволец,neighbor,4,"""Наши добровольцы уже в круглосуточном режиме работают в Ростовской области.","""Единая Россия"" окажет гуманитарную помощь эвакуированным из Донбасса жителям",https://tass.ru/ekonomika/13770261,5
Benevoles,волонтер,доброволец,neighbor,5,"Добровольцы выполняют целый спектр задач - от помощи в размещении в ПВР (пунктах временного размещения - прим. ТАСС) до обеспечения досуга детей и дежурства в медпунктах"", - приводит пресс-служба правительства Ростовской области слова Хохлова.",В Ростовской области более 800 волонтеров помогают эвакуированным жителям Донбасса,https://tass.ru/obschestvo/13787549,5
Benevoles,волонтер,петербуржец,neighbor,1,"Как рассказали в пресс-службе со ссылкой на депутата Государственной думы, секретаря реготделения Сергея Боярского, за выходные в волонтерский центр и общественную приемную поступили сотни звонков от петербуржцев, желающих помочь.",Единороссы в Петербурге открыли пункт сбора гуманитарной помощи для жителей Донбасса,https://tass.ru/obschestvo/13782729,5
Benevoles,волонтер,петербуржец,neighbor,2,"И попросить петербуржцев отнестись с пониманием, не приносить для передачи скоропортящиеся продукты.",Единороссы в Петербурге открыли пункт сбора гуманитарной помощи для жителей Донбасса,https://tass.ru/obschestvo/13782729,5
Benevoles,волонтер,петербуржец,neighbor,3,"/ТАСС/. Сочувствующие беженцам из Луганской и Донецкой народных республик (ЛНР и ДНР) петербуржцы круглосуточно несут гуманитарную помощь в пункт приема на базе Волонтерского центра ""Единой России"".",Петербуржцы круглосуточно несут в пункт приема гуманитарную помощь для людей из Донбасса,https://tass.ru/obschestvo/13844133,5
Benevoles,волонтер,петербуржец,neighbor,4,"""Сотни петербуржцев уже передали помощь, больше всего приносят детскую одежду, питание для детей, средства личной гигиены.",Петербуржцы круглосуточно несут в пункт приема гуманитарную помощь для людей из Донбасса,https://tass.ru/obschestvo/13844133,5
Benevoles,волонтер,петербуржец,neighbor,5,"Хочу внести свой посильный вклад в помощь людям, которые остались без дома и которых мы сейчас принимаем"", - рассказал петербуржец Артем Терехов.",Петербуржцы круглосуточно несут в пункт приема гуманитарную помощь для людей из Донбасса,https://tass.ru/obschestvo/13844133,5
Benevoles,волонтер,волонтерский,neighbor,1,"Пресс-служба уточнила, что круглосуточный оперативный волонтерский штаб будет координировать работу по сбору и распределению гуманитарной помощи, встрече беженцев с Донбасса, организации условий проживания и психологической поддержке.","Волонтеры развернули штаб ""Мы вместе"" для помощи прибывшим из ДНР и ЛНР гражданам",https://tass.ru/obschestvo/13763103,5
Benevoles,волонтер,волонтерский,neighbor,2,"Оперативный волонтерский штаб ""Мы вместе"" открыл на базе регионального Красного креста в Белгороде пункт приема гуманитарной помощи для беженцев из Донецкой и Луганской народных республик (ДНР и ЛНР).",Пункт сбора гуманитарной помощи беженцам из ДНР и ЛНР открыли в Белгороде,https://tass.ru/obschestvo/13769633,5
Benevoles,волонтер,волонтерский,neighbor,3,"<...> Оперативный волонтерский штаб #МыВместе будет координировать работу по сбору и распределению гуманитарной помощи"", - говорится в сообщении.",Пункт сбора гуманитарной помощи беженцам из ДНР и ЛНР открыли в Белгороде,https://tass.ru/obschestvo/13769633,5
Benevoles,волонтер,волонтерский,neighbor,4,"По словам Метелева, на базе волонтерского центра Донского государственного технического университета открыт штаб по сбору гуманитарной помощи.","В Госдуме заявили, что единороссы и волонтеры оказывают помощь беженцам из ДНР и ЛНР",https://tass.ru/politika/13767933,5
Benevoles,волонтер,волонтерский,neighbor,5,"""Сбор гуманитарной помощи осуществляется представителями Общероссийского народного фронта, Донского волонтерского центра, ДГТУ, клуба ""МыВместе"", ""Молодой гвардии Единой России"", а также других добровольческих организаций Ростовской области"", - сообщил председатель комитета по молодежной политике области Александр Никиточкин, слова которого привели в министерстве.",Власти Ростовской области объявили сбор гуманитарной помощи для беженцев с Донбасса,https://tass.ru/obschestvo/13768197,5
Benevoles,волонтер,вскс,neighbor,1,"/ТАСС/. Волонтеры Народного фронта и Всероссийского студенческого корпуса спасателей (ВСКС) окажут помощь людям на трассе М-4 ""Дон"" в Ростовской области, где введен режим ЧС из-за снегопада, сообщили в пятницу в пресс-службе Народного фронта.","Волонтеры окажут помощь заблокированным на трассе М-4 ""Дон"" в Ростовской области",https://tass.ru/v-strane/17412923,5
Benevoles,волонтер,вскс,neighbor,2,"""В связи с чрезвычайной ситуацией на трассе М-4 и прилегающих дорогах в Ростовской области, где из-за пробок оказались заблокированы сотни людей, Народный фронт совместно с ВСКС оперативно включился в оказание помощи.","Волонтеры окажут помощь заблокированным на трассе М-4 ""Дон"" в Ростовской области",https://tass.ru/v-strane/17412923,5
Benevoles,волонтер,вскс,neighbor,3,"/ТАСС/. Гуманитарный центр в Ростове-на-Дону оказал помощь более 2 млн человек с начала своей работы 22 февраля 2022 года, сообщили ТАСС в пресс-службе Всероссийского студенческого корпуса спасателей (ВСКС).",Гуманитарный штаб в Ростове-на-Дону помог более 2 млн человек из Донбасса,https://tass.ru/obschestvo/22397551,5
Benevoles,волонтер,вскс,neighbor,4,В работе гуманитарного центра за все время приняли участие свыше 1 тыс. активистов ВСКС из 45 регионов России.,Гуманитарный штаб в Ростове-на-Дону помог более 2 млн человек из Донбасса,https://tass.ru/obschestvo/22397551,5
Benevoles,волонтер,вскс,neighbor,5,"""Студенты-спасатели ВСКС выезжают на аварийно-восстановительные работы в жилые дома и образовательные учреждения, помогают ликвидировать последствия стихийных бедствий и ведут большую просветительскую работу по основам личной и общественной безопасности, проводя мастер-классы для жителей новых субъектов РФ"", - добавили в ВСКС.",Гуманитарный штаб в Ростове-на-Дону помог более 2 млн человек из Донбасса,https://tass.ru/obschestvo/22397551,5
Benevoles,волонтер,рота,neighbor,1,"""Сводная группа ""Единой России"", которая сформирована из представителей штабов ""Мы вместе"", МГЕР, ""Молодежки ОНФ"" и ""Волонтерской роты"", прибыла в Ростовскую область для помощи эвакуированным жителям Донецка и Луганска"", - говорится в сообщении.","Молодежный актив ""Единой России"" прибыл в Ростовскую область для помощи жителям ДНР и ЛНР",https://tass.ru/obschestvo/13766147,5
Benevoles,волонтер,рота,neighbor,2,"Уже сформирован Молодежный волонтерский корпус на более чем 200 человек из МГЕР, ""Молодежки ОНФ"" и волонтерской роты.","Молодежный актив ""Единой России"" прибыл в Ростовскую область для помощи жителям ДНР и ЛНР",https://tass.ru/obschestvo/13766147,5
Benevoles,волонтер,рота,neighbor,3,"В штабе работают волонтеры Всероссийского студенческого корпуса спасателей, Общероссийского народного фронта, ""Молодежки ОНФ"", Красного креста, ""Молодой гвардии ""Единой России"", Волонтерской роты и других добровольческих объединений.","Волонтерский штаб ""Мы вместе"" в Ростове-на-Дону начал оказывать помощь жителям Донбасса",https://tass.ru/obschestvo/13774587,5
Benevoles,волонтер,рота,neighbor,4,"Турчак отметил, что в палаточном лагере круглосуточно работают добровольцы ""Молодой гвардии Единой России"" и ""Волонтерской роты"".","Турчак заявил, что беженцы из Харьковской области обеспечены всем необходимым",https://tass.ru/obschestvo/15718475,5
Benevoles,волонтер,рота,neighbor,5,"Он отметил, что совместно с ""Единой Россией"" на местах работают всероссийское движение ""Мы вместе"", ""Волонтерская рота"", Ассоциация волонтерских центров России, ""Волонтеры-медики"", ""Волонтеры Победы"".",В Ростовскую область прибыли первые 800 тонн помощи для жителей ДНР и ЛНР от единороссов,https://tass.ru/obschestvo/13812017,5
Benevoles,волонтер,горожанин,neighbor,1,Горожане начали массово скупать некоторые продукты и товары.,Эвакуация и общая мобилизация. Что происходит в Луганске,https://tass.ru/mezhdunarodnaya-panorama/13774839,5
Benevoles,волонтер,горожанин,neighbor,2,"Уже вчера нам начали звонить и узнавать, что можно привезти, а сегодня приехали первые горожане, которые принесли, в основном, не скоропортящиеся продукты питания, канцелярию для детей"", - сказал Левит.",Москвичи начали приносить продукты в пункты сбора для эвакуированных из Донбасса,https://tass.ru/obschestvo/13802335,5
Benevoles,волонтер,горожанин,neighbor,3,"Один из неравнодушных горожан, принесший для беженцев продукты, вещи первой необходимости и средства личной гигиены, рассказал, почему решил поддержать этих людей в сложной ситуации.",Петербуржцы круглосуточно несут в пункт приема гуманитарную помощь для людей из Донбасса,https://tass.ru/obschestvo/13844133,5
Benevoles,волонтер,горожанин,neighbor,4,"К сбору в Сочи активно подключились все горожане, общественные организации, объединения и предприниматели.",Сочинцы отправили более 15 тонн гуманитарной помощи беженцам из ДНР и ЛНР,https://tass.ru/obschestvo/13931689,5
Benevoles,волонтер,горожанин,neighbor,5,"""Еще около 25 тонн продуктов, одежды и предметов первой необходимости собрали горожане.",В Пятигорске собрали еще 25 тонн гуманитарной помощи для жителей Донбасса,https://tass.ru/obschestvo/14208771,5
Benevoles,волонтер,кастюкевича,neighbor,1,"""Наша сводная группа из добровольцев МГЕР (""Молодая гвардия ""Единой России"" - прим. ТАСС), ""Молодежки ОНФ"" и движения ""Мы вместе"", которую мы отправили в Ростовскую область, под руководством Игоря Кастюкевича уже приступила к работе.","""Единая Россия"" окажет гуманитарную помощь эвакуированным из Донбасса жителям",https://tass.ru/ekonomika/13770261,4
Benevoles,волонтер,кастюкевича,neighbor,2,"Ранее секретарь генсовета единороссов Андрей Турчак сообщил, что в Ростовскую область отправляется группа молодежного актива ""Единой России"" под руководством замглавы фракции единороссов, координатора партии по молодежной политике Игоря Кастюкевича.","Волонтерский штаб ""Мы вместе"" в Ростове-на-Дону начал оказывать помощь жителям Донбасса",https://tass.ru/obschestvo/13774587,4
Benevoles,волонтер,кастюкевича,neighbor,3,"В основном это продукты и детское питание"", - приводятся в сообщении слова депутата Госдумы, координатора ""Единой России"" по молодежной политике, руководителя ""Молодежки ОНФ"" Игоря Кастюкевича.",Единый центр гумпомощи за месяц направил более 1 тыс. тонн грузов жителям Донбасса,https://tass.ru/obschestvo/14123995,4
Benevoles,волонтер,кастюкевича,neighbor,4,"Об этом ТАСС сообщили в пресс-службе депутата Госдумы, руководителя гуманитарной миссии Игоря Кастюкевича.",Волонтеры гуманитарной миссии ЕР помогают эвакуироваться жителям Новой Каховки,https://tass.ru/obschestvo/16242049,4
Benevoles,волонтер,сортировочный,neighbor,1,"Затем их отвозили в сортировочные пункты, на которых работали волонтеры.","Волонтеры Приамурья собрали для эвакуированных из ЛНР и ДНР 18,3 тонны гуманитарного груза",https://tass.ru/obschestvo/14236161,3
Benevoles,волонтер,сортировочный,neighbor,2,"Кроме того, накануне был развернут мобильный приемно-сортировочный модуль Центра медицины катастроф.",В Ростовскую область с начала эвакуации прибыло более 460 тыс. жителей Донбасса,https://tass.ru/obschestvo/14272915,3
Benevoles,волонтер,сортировочный,neighbor,3,На базе Всероссийского студенческого корпуса спасателей организовали сортировочно-погрузочный пункт для сортировки и подготовки гуманитарной помощи к отправке.,Из Москвы с начала СВО отправили более 830 тонн гуманитарной помощи для жителей Донбасса,https://tass.ru/obschestvo/15233749,3
Benevoles,волонтер,активист,neighbor,1,"Такой опыт у наших активистов уже есть"", - сказал руководитель МГЕР Антон Демидов, слова которого приводит пресс-служба.",МГЕР поможет с размещением беженцев из Донбасса,https://tass.ru/obschestvo/13759861,5
Benevoles,волонтер,активист,neighbor,2,"В свою очередь председатель МГЕР Антон Демидов сообщил, что только за один день поступило более 1 тыс. заявок от волонтеров со всей страны, а в Ростовскую область уже прибыли более 200 активистов.","Волонтерский штаб ""Мы вместе"" в Ростове-на-Дону начал оказывать помощь жителям Донбасса",https://tass.ru/obschestvo/13774587,5
Benevoles,волонтер,активист,neighbor,3,"На сбор гуманитарной помощи откликнулись жители всех районов области, волонтеры и активисты участвуют в подготовке мест временного размещения беженцев"", - привели слова Дрозденко в пресс-службе правительства Ленинградской области.","Губернатор Ленобласти заявил, что большинство эвакуированных из Донбасса - дети",https://tass.ru/obschestvo/13794525,5
Benevoles,волонтер,активист,neighbor,4,"Учредитель благотворительного фонда ""Добро мира - Волонтеры Крыма"" Наталья Мартынец ближе к вечеру привела помогать 17 активистов фонда ""За трезвый Крым"".",Крым и Севастополь отправили около 50 тонн гуманитарной помощи жителям Донбасса,https://tass.ru/obschestvo/13789819,5
Benevoles,волонтер,активист,neighbor,5,"Активное участие в формировании груза приняло Самарское реготделение партии ""Единая Россия"", включая активистов из ""Молодой Гвардии Единой России"".",Самарская область направила гуманитарную помощь эвакуированным жителям Донбасса,https://tass.ru/obschestvo/13784327,5
Benevoles,волонтер,молодежка,neighbor,1,"В рамках акции ""МыВместе"" в штабе работают также ""Российский красный крест"", ОНФ и Молодежка, Всероссийский студенческий корпус спасателей, ""Единая Россия"" и МГЕР.","В Госдуме заявили, что единороссы и волонтеры оказывают помощь беженцам из ДНР и ЛНР",https://tass.ru/politika/13767933,3
Benevoles,волонтер,молодежка,neighbor,2,"""Проговорили алгоритм совместной работы с региональным исполкомом ""Единой России"" - 64 человека из числа участников команды ""Молодежка ОНФ"" включаются здесь для помощи.","Молодежный актив ""Единой России"" прибыл в Ростовскую область для помощи жителям ДНР и ЛНР",https://tass.ru/obschestvo/13766147,3
Benevoles,волонтер,молодежка,neighbor,3,"В составе штаба #МыВместе работают Народный фронт, Российский красный крест, Всероссийский студенческий корпус спасателей, Ассоциация волонтерских центров, ""Волонтеры победы"", ""ДонВолонтер"", ""Молодая гвардия"" Единая Россия, ""Молодежка ОНФ"", ""Волонтеры - медики"", фонд ""Русь"" и другие организации.",Волонтеры из Ростовской области направят в Луганск 100 тонн гуманитарной помощи,https://tass.ru/obschestvo/14266705,3
Ukraine,украина,украина,target,1,"Служба пограничной охраны Министерства государственной безопасности ЛНР проинформировала, что пропуск эвакуируемых на территорию России жителей осуществляется по паспортам ЛНР, РФ или Украины.",Из Луганска в Россию отправился первый автобус с эвакуируемыми жителями,https://tass.ru/obschestvo/13762389,5
Ukraine,украина,украина,target,2,"Пушилин уточнил, что наступательные действия со стороны Вооруженных сил Украины могут последовать в любой момент.","Глава ДНР не исключил, что в Россию из Донбасса эвакуируют ""сотни и сотни тысяч человек""",https://tass.ru/mezhdunarodnaya-panorama/13760533,5
Ukraine,украина,украина,target,3,"Глава ДНР Денис Пушилин в пятницу сообщил, что власти республики организовали с 18 февраля массовый централизованный выезд населения в РФ в связи с опасностью развязывания Украиной военных действий.",МГЕР поможет с размещением беженцев из Донбасса,https://tass.ru/obschestvo/13759861,5
Ukraine,украина,украина,target,4,"По словам Пушилина, президент Украины Владимир Зеленский в ближайшее время отдаст приказ военным реализовать план вторжения на территорию народных республик.",МГЕР поможет с размещением беженцев из Донбасса,https://tass.ru/obschestvo/13759861,5
Ukraine,украина,украина,target,5,"Пушилин заявил, что, по его данным, президент Украины Владимир Зеленский в ближайшее время отдаст приказ военным перейти в наступление, реализовать план вторжения на территорию ДНР и ЛНР.",Путин поручил обеспечить выплаты по 10 тыс. руб. беженцам из Донбасса в Ростовской области,https://tass.ru/obschestvo/13759323,5
Ukraine,украина,отметка,neighbor,1,"Как отмечается в ее докладе, число внутренне перемещенных лиц с 16 марта, когда МОМ опубликовала свои первые оценки на этот счет, выросло на 24% и ""превысило отметку в 8 млн"".",Число внутренне перемещенных лиц на Украине превысило 8 млн,https://tass.ru/obschestvo/14588385,4
Ukraine,украина,отметка,neighbor,2,"По словам Мизинцева, число эвакуированных с начала специальной военной операции достигло отметки в 1 936 911 человек, 307 423 из которых - дети.",МО РФ: за сутки в Россию из Донбасса и с Украины эвакуировали более 29 тыс. человек,https://tass.ru/armiya-i-opk/14966133,4
Ukraine,украина,отметка,neighbor,3,"Количество осадков, выпавших в ночь на понедельник, в 2,5 раза превысило отметку ""опасное явление"".",Пункты временного размещения развернули в пострадавшем от ливней районе Кубани,https://tass.ru/proisshestviya/15187329,4
Ukraine,украина,отметка,neighbor,4,"/ТАСС/. Число беженцев, которые прибыли в РФ с февраля с территории Украины и Донбасса, превысило отметку в 4,7 млн человек.","Число прибывших в РФ с территории Украины и Донбасса беженцев превысило 4,7 млн человек",https://tass.ru/obschestvo/16223423,4
Ukraine,украина,захват,neighbor,1,"Ситуация на Ближнем Востоке резко обострилась после проникновения 7 октября боевиков радикального палестинского движения ХАМАС из сектора Газа на израильскую территорию, сопровождавшегося убийствами жителей приграничных населенных пунктов и захватом заложников.",В Газу за сутки въехало почти 200 грузовиков с гуманитарной помощью,https://tass.ru/mezhdunarodnaya-panorama/19686209,3
Ukraine,украина,захват,neighbor,2,"Ситуация на Ближнем Востоке обострилась после проникновения 7 октября 2023 года боевиков ХАМАС из сектора Газа на израильскую территорию, сопровождавшегося убийствами жителей приграничных населенных пунктов и захватом заложников.","Спецкоординатор ООН: более 1,7 млн перемещенных людей из-за конфликта в Газе голодают",https://tass.ru/obschestvo/20365181,3
Ukraine,украина,захват,neighbor,3,"Вооруженные силы противника находятся в боевых порядках и готовы к силовому захвату Донбасса"", - предупредил он.",Власти ДНР организовали массовый централизованный выезд населения в Россию,https://tass.ru/mezhdunarodnaya-panorama/13756493,3
Ukraine,украина,затронуть,neighbor,1,"""Серьезный гуманитарный кризис затронул и животных, волонтеры и сотрудники местных зоопарков и приютов борются за жизнь каждого подопечного, им срочно нужна помощь.",В России стартует кампания помощи зоопаркам и животным Донбасса и Украины,https://tass.ru/obschestvo/14234823,3
Ukraine,украина,затронуть,neighbor,2,"Обсудили помощь детям-сиротам и детям, оставшимся без попечения родителей, с территорий, затронутых специальной военной операцией.","Омбудсмен сообщила, что представители ООН вскоре смогут встретиться с детьми из Донбасса",https://tass.ru/obschestvo/16137323,3
Ukraine,украина,затронуть,neighbor,3,"Следует принять во внимание и тот не слишком афишируемый факт, что значительную часть тех, кто прибыл в Европу, составили не беженцы из затронутых боевыми действиями районов, а вполне благополучные жители Киева, Львова и других городов и областей Правобережной Украины.",Украинские беженцы потянулись домой:,https://tass.ru/opinions/15276009,3
Ukraine,украина,подавляющее,neighbor,1,"Подавляющее большинство прибыли через пограничные пункты в Ростовской области"", - сказал собеседник агентства.",Более 365 тыс. человек прибыли в Россию из республик Донбасса и с Украины,https://tass.ru/mezhdunarodnaya-panorama/14141161,5
Ukraine,украина,подавляющее,neighbor,2,"Подавляющее большинство прибыло в Ростовскую область"", - сказал собеседник агентства.",В Россию с Украины и из Донбасса прибыли более 630 тыс. беженцев,https://tass.ru/obschestvo/14293199,5
Ukraine,украина,подавляющее,neighbor,3,"""Может быть, кто-то останется, адаптируется к российскому обществу, но подавляющее большинство [беженцев с территорий Донбасса] ждут возможности вернуться к себе домой, вернуться на свои территории, восстанавливать свои дома, восстанавливаться свои города <...> и вернуться к обычному образу жизни"", - сказал он в эфире телеканала ""Соловьев Live"".",Посол ЛНР заявил о желании большинства беженцев вернуться в Донбасс,https://tass.ru/mezhdunarodnaya-panorama/15641459,5
Ukraine,украина,подавляющее,neighbor,4,Подавляющее большинство жителей высказались за вхождение в состав РФ.,"Границу между Донбассом и Ростовской областью с начала спецоперации прошли 3,5 млн человек",https://tass.ru/obschestvo/16122851,5
Ukraine,украина,подавляющее,neighbor,5,"- Но подчеркну, что подавляющее большинство граждан, которые подали заявки на вывоз, уже эвакуированы"".","Захарова заявила, что эвакуация россиян из Газы продолжится после гуманитарной паузы",https://tass.ru/politika/19403303,5
Ukraine,украина,сводка,neighbor,1,"По сводке Минобороны России на 5 апреля, общее число прибывших из ДНР и ЛНР, а также с Украины достигло 620 760 человек, в отдельные дни приезжает в сутки до 28 тыс. человек.","Финансирование проживания беженцев Донбасса в ПВР увеличили до 1,3 тыс. рублей на человека",https://tass.ru/ekonomika/14292591,3
Ukraine,украина,сводка,neighbor,2,"По сводке Минобороны РФ от 13 апреля, с начала спецоперации из опасных районов Украины, Донецкой и Луганской народных республик в РФ эвакуировано 783,6 тыс. человек, из них 147 тыс. - дети.","В Воронежской области с февраля число эвакуированных из ДНР, ЛНР и Украины выросло вдвое",https://tass.ru/obschestvo/14374651,3
Ukraine,украина,сводка,neighbor,3,"Ситуация в городе обострилась еще в четверг, когда с раннего утра начали поступать сводки обстрелов территории Донецкой народной республики.",В Донецке готовятся к эвакуации,https://tass.ru/mezhdunarodnaya-panorama/13761239,3
Ukraine,украина,телеобращении,neighbor,1,"Президент России Владимир Путин в четверг утром заявил в телеобращении, что в ответ на обращение руководителей республик Донбасса принял решение о проведении специальной военной операции.",В МЧС сообщили о продолжении работы по приему эвакуированных в Россию жителей Донбасса,https://tass.ru/obschestvo/13833025,4
Ukraine,украина,телеобращении,neighbor,2,"Президент России Владимир Путин 24 февраля утром заявил в телеобращении, что в ответ на обращение руководителей республик Донбасса принял решение о проведении специальной военной операции.",Прибывшие в Ярославскую область жители Донбасса обратились к властям за помощью,https://tass.ru/obschestvo/13936973,4
Ukraine,украина,телеобращении,neighbor,3,"Президент России Владимир Путин 24 февраля заявил в телеобращении, что в ответ на обращение руководителей республик Донбасса принял решение о проведении специальной военной операции.",Томская область готова принять 700 эвакуированных жителей из ЛНР и ДНР,https://tass.ru/obschestvo/13960615,4
Ukraine,украина,телеобращении,neighbor,4,"24 февраля президент России Владимир Путин заявил в телеобращении, что в ответ на обращение руководителей республик Донбасса принял решение о проведении специальной военной операции.",Число прибывших в Воронежскую область жителей Донбасса превысило 5 тыс.,https://tass.ru/obschestvo/14029971,4
Ukraine,украина,беларусь,neighbor,1,"""Порядка 80% украинцев, которые сейчас находятся в Беларуси, не планируют возвращаться домой.",Белорусский Красный крест: порядка 80% украинских беженцев планируют остаться в республике,https://tass.ru/mezhdunarodnaya-panorama/15255835,4
Ukraine,украина,беларусь,neighbor,2,"Они хотят остаться и жить со своими семьями на территории Беларуси"", - сказал Шевцов в эфире первого канала Белорусского радио во вторник, сославшись на результаты недавнего анкетирования беженцев.",Белорусский Красный крест: порядка 80% украинских беженцев планируют остаться в республике,https://tass.ru/mezhdunarodnaya-panorama/15255835,4
Ukraine,украина,беларусь,neighbor,3,"""Более 51 тысячи граждан Украины прибыло в Беларусь с украинской территории с 24 февраля.","Белоруссия с февраля приняла около 51,5 тыс. беженцев с Украины",https://tass.ru/mezhdunarodnaya-panorama/15703657,4
Ukraine,украина,беларусь,neighbor,4,"""Нами был проведен ряд встреч с представителями Региональной делегации Международного Комитета Красного Креста в Российской Федерации и Республике Беларусь, которые также приняли решение содействовать воссоединению детей с родителями, находящимися за пределами Российской Федерации и Украины (в Польше, Португалии и Норвегии), в рамках мандата организации"", - подчеркнул постоянный представитель РФ при ООН.<lt-toolbar contenteditable=""false"" data-lt-adjust-appearance=""true"" data-lt-force-appearance=""light"" style=""display: none;""><lt-div class=""lt-toolbar__wrapper lt-toolbar-small"" style=""left: 498px; position: absolute !important; top: 97px !important; bottom: auto !important; z-index: auto;""><lt-div class=""lt-toolbar__extras""><lt-span class=""lt-toolbar__disable-icon""><lt-comp-icon class=""lt-icon--disable lt-icon--clickable"" data-lt-prevent-focus=""true""><lt-span class=""lt-icon__icon lt-icon__disable""><lt-div class=""lt-toolbar__divider""><lt-div class=""lt-toolbar__premium-icon""><lt-div class=""lt-icon__tooltip lt-icon__tooltip--data-attr lt-icon__tooltip--top-right"" data-lt-text=""Премиальные предложения""><lt-div class=""lt-toolbar__status-icon lt-toolbar__status-icon-has-errors lt-toolbar__status-icon-has-1-errors"" title=""""><lt-div class=""lt-toolbar__premium-icon-dot""><lt-div class=""lt-toolbar__status-icon-in-progress"">",Небензя: эвакуация детей из зоны украинского конфликта соответствует гуманитарному праву,https://tass.ru/politika/17416113,4
Ukraine,украина,вырасти,neighbor,1,"""По итогам работы за ночь число прибывших в Россию жителей Донбасса выросло до 61 тысячи"", - сказал он.",В Россию прибыли более 61 тыс. жителей Донбасса,https://tass.ru/obschestvo/13778351,5
Ukraine,украина,вырасти,neighbor,2,"Количество жителей ДНР и ЛНР, эвакуированных в Россию с 18 февраля, выросло почти до 118 тыс. Об этом ТАСС сообщили в силовых структурах.",Число эвакуированных в Россию жителей Донбасса выросло почти до 118 тыс.,https://tass.ru/obschestvo/13872915,5
Ukraine,украина,вырасти,neighbor,3,"Число регионов, принявших эвакуированных жителей Донбасса, выросло до 19.",Число эвакуированных в Россию жителей Донбасса выросло почти до 118 тыс.,https://tass.ru/obschestvo/13872915,5
Ukraine,украина,вырасти,neighbor,4,"Сейчас из Донецка и Луганска приезжают дети, которые родились и выросли на войне.",Росгосцирк проведет специальные представления для эвакуированных из Донбасса семей,https://tass.ru/obschestvo/13900945,5
Ukraine,украина,вырасти,neighbor,5,"На утро понедельника число регионов РФ, принимающих эвакуированных жителей Донбасса, выросло с 19 до 21.",Число эвакуированных в Россию жителей Донбасса превысило 127 тыс.,https://tass.ru/obschestvo/13892051,5
Ukraine,украина,подконтрольных,neighbor,1,"В Керчь, Судак и Саки, по данным регионального отделения Российского Красного Креста, уже прибыли частным порядком жители Донбасса и граждане Украины с подконтрольных Киеву территорий.",Крым и Севастополь отправили около 50 тонн гуманитарной помощи жителям Донбасса,https://tass.ru/obschestvo/13789819,5
Ukraine,украина,подконтрольных,neighbor,2,"/ТАСС/. Украинцы с подконтрольных киевским властям территорий Украины, а также жители Донбасса в понедельник начали прибывать в Крым и размещаться у родственников и друзей, сообщил ТАСС председатель регионального отделения Российского Красного Креста (РКК) Владимир Баучкин.","В РКК сообщили, что граждане Украины эвакуируются в Крым из-за столкновений в Донбассе",https://tass.ru/obschestvo/13786703,5
Ukraine,украина,подконтрольных,neighbor,3,"Он затруднился оценить, сколько всего украинцев с подконтрольных киевским властям территорий Украины и жителей ДНР и ЛНР разместились на полуострове.","В РКК сообщили, что граждане Украины эвакуируются в Крым из-за столкновений в Донбассе",https://tass.ru/obschestvo/13786703,5
Ukraine,украина,подконтрольных,neighbor,4,"По словам генерала, продолжается оказание гуманитарной помощи населению на подконтрольных Вооруженным силам России и воинским формированиям Донецкой и Луганской народных республик территориях.","Жители Херсонской, Сумской и Харьковской областей получат 315 тонн гуманитарной помощи",https://tass.ru/mezhdunarodnaya-panorama/13950805,5
Ukraine,украина,подконтрольных,neighbor,5,"/ТАСС/. Более 2,7 млн обращений от граждан с просьбами об эвакуации в Россию из Украины и с подконтрольных киевским властям территорий в республиках Донбасса поступило на горячую линию Межведомственного координационного штаба Российской Федерации по гуманитарному реагированию с начала специальный военной операции.","Свыше 2,7 млн обращений с просьбами об эвакуации в РФ с Украины и Донбасса поступило в РФ",https://tass.ru/armiya-i-opk/14991463,5
Ukraine,украина,резко,neighbor,1,"Ранее во вторник министр иностранных дел РФ Сергей Лавров, выступая на сессии Совета ООН по правам человека в формате видеообращения, заявил о том, что преступные действия украинского режима, резко активизировавшиеся в последнее время, только с середины февраля вынудили более 100 тыс. жителей Донбасса перебраться в Россию.","Служба ""Милосердие"" отправила 10 тонн помощи в регионы России для переселенцев с Донбасса",https://tass.ru/obschestvo/13917739,5
Ukraine,украина,резко,neighbor,2,"""В последнее время преступные действия украинского режима резко активизировались, - сказал он.",Россия приняла с середины февраля более 100 тысяч беженцев с Донбасса,https://tass.ru/politika/13914869,5
Ukraine,украина,резко,neighbor,3,"Количество эвакуированных в Россию с 18 февраля жителей Донбасса превысило 166 тыс., резко увеличившись за сутки сразу на 24 тыс. Об этом ТАСС сообщили в пятницу в силовых структурах региона.",Число эвакуированных в Россию жителей Донбасса превысило 166 тыс.,https://tass.ru/obschestvo/13959829,5
Ukraine,украина,резко,neighbor,4,"""Только по официальным данным с 2014 года за получением гражданства России, статуса беженца или временного убежища в нашей стране обратились по меньшей мере 1,7 млн чел. После же активизации обстрелов Донбасса с украинской стороны накануне начала Россией специальной военной операции этот поток резко усилился и достиг 863 тыс. человек"", - указал первый зампостпреда РФ.","Полянский сообщил, что более 2,5 млн украинцев нашли убежище в России с 2014 года",https://tass.ru/politika/14419033,5
Ukraine,украина,резко,neighbor,5,"В то же время резко упало - с 427 до 12 - число украинцев, получивших разрешение на въезд в Соединенные Штаты по обычной программе приема беженцев.",WP: на границе США с Мексикой резко выросло число беженцев с Украины,https://tass.ru/mezhdunarodnaya-panorama/14415649,5
Russie,россия,россия,target,1,"/ТАСС/. Волонтеры Общероссийского народного фронта (ОНФ), Всероссийского студенческого корпуса спасателей, Российского Красного Креста и других добровольческих объединений формируют штаб ""Мы вместе"" для оказания поддержки прибывающим на территорию России из Донецкой и Луганской народных республик (ДНР и ЛНР).","Волонтеры развернули штаб ""Мы вместе"" для помощи прибывшим из ДНР и ЛНР гражданам",https://tass.ru/obschestvo/13763103,5
Russie,россия,россия,target,2,"/ТАСС/. Жителей ДНР, которые после эвакуации из республики приняли решение остановиться в России не в пункте временного размещения, а у родственников, начали отвозить добровольцы.","Волонтер рассказал о помощи жителям ДНР, которые не едут в пункты временного размещения",https://tass.ru/obschestvo/13762975,5
Russie,россия,россия,target,3,ДНР и ЛНР на фоне серьезного обострения ситуации объявили в пятницу об организации выезда населения в Россию.,Роспотребнадзор уделит особое внимание организации питания беженцев в Ростовской области,https://tass.ru/obschestvo/13762457,5
Russie,россия,россия,target,4,/ТАСС/. Первый автобус с 55 эвакуируемыми жителями отправился в пятницу из Луганска в Россию.,Из Луганска в Россию отправился первый автобус с эвакуируемыми жителями,https://tass.ru/obschestvo/13762389,5
Russie,россия,россия,target,5,Также в Россию отправились первые автобусы из городов Красный Луч и Кировск.,Из Луганска в Россию отправился первый автобус с эвакуируемыми жителями,https://tass.ru/obschestvo/13762389,5
Russie,россия,рф,neighbor,1,"По поручению президента РФ Владимира Путина беженцам, прибывающим в регион, выплатят по 10 тыс. рублей, в область отправились врио главы МЧС Александр Чуприян и глава Роспотребнадзора Анна Попова.",Роспотребнадзор уделит особое внимание организации питания беженцев в Ростовской области,https://tass.ru/obschestvo/13762457,5
Russie,россия,рф,neighbor,2,"МЧС, Минздрав и горадминистрация эвакуируют детей из республиканского дома малютки ""ближе к границе с РФ"" для их безопасности.",Из Луганска в Россию отправился первый автобус с эвакуируемыми жителями,https://tass.ru/obschestvo/13762389,5
Russie,россия,рф,neighbor,3,"Служба пограничной охраны Министерства государственной безопасности ЛНР проинформировала, что пропуск эвакуируемых на территорию России жителей осуществляется по паспортам ЛНР, РФ или Украины.",Из Луганска в Россию отправился первый автобус с эвакуируемыми жителями,https://tass.ru/obschestvo/13762389,5
Russie,россия,рф,neighbor,4,"/ТАСС/. Первые автобусы с эвакуированными жителями ДНР пересекли границу РФ в Ростовской области, сообщает в пятницу корреспондент ТАСС с пункта пропуска через государственную границу в Матвеево-Курганском районе области.",Первые автобусы с беженцами из ДНР прибыли в Ростовскую область,https://tass.ru/obschestvo/13761541,5
Russie,россия,рф,neighbor,5,"Гражданское население будет пересекать пункты пропуска как на общественном, так и личном транспорте"", - сообщили ТАСС в пресс-службе МЧС РФ.",Первые автобусы с беженцами из ДНР прибыли в Ростовскую область,https://tass.ru/obschestvo/13761541,5
Russie,россия,подавляющее,neighbor,1,"Подавляющее большинство прибыли через пограничные пункты в Ростовской области"", - сказал собеседник агентства.",Более 365 тыс. человек прибыли в Россию из республик Донбасса и с Украины,https://tass.ru/mezhdunarodnaya-panorama/14141161,5
Russie,россия,подавляющее,neighbor,2,"Подавляющее большинство прибыло в Ростовскую область"", - сказал собеседник агентства.",В Россию с Украины и из Донбасса прибыли более 630 тыс. беженцев,https://tass.ru/obschestvo/14293199,5
Russie,россия,подавляющее,neighbor,3,"""Может быть, кто-то останется, адаптируется к российскому обществу, но подавляющее большинство [беженцев с территорий Донбасса] ждут возможности вернуться к себе домой, вернуться на свои территории, восстанавливать свои дома, восстанавливаться свои города <...> и вернуться к обычному образу жизни"", - сказал он в эфире телеканала ""Соловьев Live"".",Посол ЛНР заявил о желании большинства беженцев вернуться в Донбасс,https://tass.ru/mezhdunarodnaya-panorama/15641459,5
Russie,россия,подавляющее,neighbor,4,Подавляющее большинство жителей высказались за вхождение в состав РФ.,"Границу между Донбассом и Ростовской областью с начала спецоперации прошли 3,5 млн человек",https://tass.ru/obschestvo/16122851,5
Russie,россия,подавляющее,neighbor,5,"- Но подчеркну, что подавляющее большинство граждан, которые подали заявки на вывоз, уже эвакуированы"".","Захарова заявила, что эвакуация россиян из Газы продолжится после гуманитарной паузы",https://tass.ru/politika/19403303,5
Russie,россия,непредвиденный,neighbor,1,/ТАСС/. Губернатор Ростовской области Василий Голубев обратился к президенту РФ Владимиру Путину с просьбой оказать области экстренную помощь по линии федерального центра в связи с непредвиденным большим наплывом беженцев.,Путин поручил обеспечить выплаты по 10 тыс. руб. беженцам из Донбасса в Ростовской области,https://tass.ru/obschestvo/13759323,3
Russie,россия,непредвиденный,neighbor,2,Губернатор Ростовской области Василий Голубев обратился к Путину с просьбой оказать региону экстренную помощь из-за непредвиденного наплыва беженцев.,ДНР и ЛНР объявили об эвакуации мирных жителей в Россию.,https://tass.ru/mezhdunarodnaya-panorama/13758699,3
Russie,россия,непредвиденный,neighbor,3,"Губернатор Ростовской области Василий Голубев обратился к президенту РФ Владимиру Путину с просьбой оказать области экстренную помощь по линии федерального центра в связи с непредвиденным большим наплывом беженцев, сообщил пресс-секретарь главы государства Дмитрий Песков.",Очевидцы сообщают об очереди из желающих выехать у пункта пропуска со стороны ДНР,https://tass.ru/obschestvo/13762197,3
Russie,россия,супруновский,neighbor,1,"/ТАСС/. Около 127 тыс. жителей ДНР и ЛНР пересекли границу с Российской Федераций, сообщил заместитель главы МЧС РФ Анатолий Супруновский.",Около 127 тыс. жителей Донбасса пересекли границу с Россией,https://tass.ru/obschestvo/13897665,3
Russie,россия,супруновский,neighbor,2,"/ТАСС/. Россия приняла с февраля почти 4,8 млн беженцев с территорий Украины и Донбасса, сообщил в пятницу замглавы МЧС РФ Анатолий Супруновский.","Почти 4,8 млн беженцев прибыли в Россию с территории Украины и Донбасса",https://tass.ru/obschestvo/16365735,3
Russie,россия,супруновский,neighbor,3,"Отдельно Супруновский подчеркнул, что МЧС России помогает беженцам бесплатно вернуться домой.","Почти 4,8 млн беженцев прибыли в Россию с территории Украины и Донбасса",https://tass.ru/obschestvo/16365735,3
Russie,россия,самопровозглашенный,neighbor,1,"В понедельник врио главы МЧС РФ Александр Чуприян сообщил, что около 61 тыс. жителей ДНР и ЛНР прибыли в Россию после объявленной в самопровозглашенных республиках в минувшую пятницу эвакуации.","В МЧС сообщили, что переселенцев из Донбасса готовы принять 43 региона",https://tass.ru/obschestvo/13781503,3
Russie,россия,самопровозглашенный,neighbor,2,"Ранее в понедельник врио главы МЧС РФ Александр Чуприян сообщал, что порядка 61 тыс. жителей ДНР и ЛНР прибыли в Россию после объявленной в самопровозглашенных республиках в минувшую пятницу эвакуации.",Более 21 тыс. жителей Донбасса пересекли за сутки границу России в Ростовской области,https://tass.ru/obschestvo/13779735,3
Russie,россия,самопровозглашенный,neighbor,3,/ТАСС/. Порядка 61 тыс. жителей ДНР и ЛНР прибыли в Россию после объявленной в самопровозглашенных республиках в минувшую пятницу эвакуации.,В Россию прибыли более 61 тыс. жителей Донбасса,https://tass.ru/obschestvo/13778351,3
Russie,россия,связи,neighbor,1,"Почти 1,5 тыс. детей уже зачислены в школы, сообщил губернатор Ростовской области Василий Голубев в ходе заседания в формате видео-конференц-связи генсовета ""Единой России"" с региональными отделениями партии по вопросу оказания помощи эвакуированным жителям Донбасса.","Около 2,2 тыс. школьников из Донбасса находятся в ПВР в Ростовской области",https://tass.ru/obschestvo/13817109,5
Russie,россия,связи,neighbor,2,"Об этом сообщил губернатор Ростовской области Василий Голубев в ходе заседания в формате видео-конференц-связи генсовета ""Единой России"" с региональными отделениями партии по вопросу оказания помощи эвакуированным жителям Донбасса.",В Ростовскую область прибыли 17 ж/д составов для отправки жителей Донбасса в регионы,https://tass.ru/obschestvo/13817005,5
Russie,россия,связи,neighbor,3,"Об этом сообщила в среду пресс-служба омбудсмена по итогам совещания в формате видео-конференц-связи, которое Москалькова провела с уполномоченными по правам человека в субъектах РФ по вопросу обеспечения прав эвакуированных граждан.","Москалькова предложила ввести транспортные ваучеры для беженцев из ДНР, ЛНР и с Украины",https://tass.ru/obschestvo/14371645,5
Russie,россия,связи,neighbor,4,Об этом сообщил в пятницу губернатор Свердловской области Евгений Куйвашев на встрече с президентом РФ Владимиром Путиным по видео-конференц-связи.,Более 500 человек прибыли в Свердловскую область с Донбасса,https://tass.ru/obschestvo/14688379,5
Russie,россия,связи,neighbor,5,Об этом доложил врио губернатора Курской области Алексей Смирнов президенту РФ Владимиру Путину в режиме видео-конференц-связи.,Эвакуируемых из Курской области будут вывозить с помощью автобусов и ж/д транспорта,https://tass.ru/obschestvo/21561249,5
Russie,россия,погрануправления,neighbor,1,Об этом в субботу сообщил представитель погрануправления УФСБ по Ростовской области.,"В ФСБ сообщили, что все пункты пропуска в Ростовской области работают только на въезд в РФ",https://tass.ru/obschestvo/13764787,5
Russie,россия,погрануправления,neighbor,2,"Пропуск беженцев организован через шесть автомобильных, два железнодорожных пункта пропуска в восьми местах пересечения границы"", - уточнил представитель погрануправления.","В ФСБ сообщили, что все пункты пропуска в Ростовской области работают только на въезд в РФ",https://tass.ru/obschestvo/13764787,5
Russie,россия,погрануправления,neighbor,3,Об этом журналистам сообщили в пресс-службе погрануправления ФСБ РФ по региону.,Более 20 тыс. жителей Донбасса за сутки пересекли границу с РФ в Ростовской области,https://tass.ru/obschestvo/13799753,5
Russie,россия,погрануправления,neighbor,4,"По данным пресс-службы Погрануправления ФСБ России по Ростовской области, за истекшие сутки через пункты пропуска границу пересекли более девяти тысяч граждан, эвакуированных с территории республик Донбасса.",ФМБА развернуло в Ростовской области три медпункта для эвакуированных из Донбасса,https://tass.ru/obschestvo/13839089,5
Russie,россия,погрануправления,neighbor,5,"По данным пресс-службы Погрануправления ФСБ России по Ростовской области, за истекшие сутки через пункты пропуска границу пересекли более 9 тыс. граждан, эвакуированных с территории республик Донбасса.",В МЧС сообщили о продолжении работы по приему эвакуированных в Россию жителей Донбасса,https://tass.ru/obschestvo/13833025,5
Russie,россия,эвакуируемым,neighbor,1,По поручению президента РФ Владимира Путина эвакуируемым выплачивают по 10 тыс. рублей.,Эвакуируемые из Донбасса смогут подавать заявления на выплаты уже на границе России,https://tass.ru/obschestvo/13778509,3
Russie,россия,эвакуируемым,neighbor,2,"Власти Тверской области предоставят эвакуируемым жителям республик наборы для новорожденных, а также комплекты школьной формы и предметов, необходимых для обучения.",Регионы ЦФО собирают детские игрушки и деньги для жителей Донбасса,https://tass.ru/obschestvo/13808231,3
Russie,россия,эвакуируемым,neighbor,3,"По поручению президента РФ Владимира Путина эвакуируемым, прибывающим в российский регион, выплачивают по 10 тыс. рублей.",В ростовскую больницу доставили пять тяжелобольных детей из ЛНР,https://tass.ru/obschestvo/13783181,3
Russie,россия,главк,neighbor,1,/ТАСС/. Горячую линию открыли на базе телефона доверия главка МЧС России по Ростовской области в связи с прибытием в регион беженцев из Донецкой и Луганской народных республик.,На базе МЧС по Ростовской области открыли горячую линию для беженцев из Донбасса,https://tass.ru/obschestvo/13766061,5
Russie,россия,главк,neighbor,2,"В МЧС добавили, что в настоящее время региональный главк ведомства приведен в режим повышенной готовности.",Более 400 человек и 150 единиц техники помогают при эвакуации жителей из ДНР и ЛНР,https://tass.ru/proisshestviya/13763371,5
Russie,россия,главк,neighbor,3,Об этом сообщил начальник главка МЧС по Ростовской области Сергей Филиппов.,В Ростовской области для эвакуированных жителей Донбасса подготовили около 200 ПВР,https://tass.ru/obschestvo/13803035,5
Russie,россия,главк,neighbor,4,"Автомобили регионального главка МЧС России с гуманитарной помощью выехали в 05:00 мск, уточнили в пресс-службе ведомства.",Из Адыгеи в Ростов-на-Дону направили гуманитарный груз для эвакуированных с Донбасса,https://tass.ru/obschestvo/13796735,5
Russie,россия,главк,neighbor,5,Об этом в четверг сообщается на сайте регионального главка МЧС России.,Более 6 тыс. жителей Донбасса находятся в ПВР в Ростовской области,https://tass.ru/obschestvo/14021487,5
Russie,россия,оперштаб,neighbor,1,"Оперштаб Мордовии по оказанию помощи людям, эвакуированным из Донбасса, определяет места проживания, питания и медпомощи для 500 мирных жителей, вынужденных покинуть родину, сообщили в правительстве республики.",Саратовская область планирует принять 500 эвакуированных из ЛНР и ДНР,https://tass.ru/obschestvo/13775195,4
Russie,россия,оперштаб,neighbor,2,"""В целях координации деятельности по приему и размещению в пунктах временного размещения вынужденных переселенцев и беженцев из ДНР и ЛНР поручаю заместителю губернатора Виктору Рябишину, замгубернатора Ларисе Каманиной создать оперштаб по приему и временному размещению граждан, вынужденно покинувших места жительства и приехавших в Вологодскую область.",Псковская область готова принять до 1 тыс. эвакуированных жителей Донбасса,https://tass.ru/obschestvo/13785513,4
Russie,россия,оперштаб,neighbor,3,"В ведомстве уточнили, что гуманитарные грузы прибывают со всей страны, оперштаб во взаимодействии с органами власти, общественными организациями и волонтерами, распределяет помощь населению.",В Курскую область для переселенцев из приграничных районов доставили около 80 тонн помощи,https://tass.ru/obschestvo/21577529,4
Russie,россия,оперштаб,neighbor,4,"Пострадали четыре человека, оперштаб принял решение об эвакуации воинской части, 7 населенных пунктов и 12 дачных поселков.",Авдеев: эвакуированных жителей Киржачского района обеспечили всем необходимым,https://tass.ru/obschestvo/23752617,4
