city_id,city,titre_support,type,type_communication,thematique,description
russia_national,National (russe),refugies_en_russie,Chaine,Messages structurés,Offre et recherche d'aide,"Ce canal republie les offres et les demandes d'aide émanant de bénévoles ou de réfugiés ukrainiens. En outre, le canal publie des informations générales (lois, numéros d'assistance, adresses, etc.). De temps à autre, des publications moins informatives apparaissent, telles que des citations de Poutine, des vœux pour le jour de la victoire et d'autres messages."
russia_national,National (russe),refugies_en_russie_chat,Chat,Commentgoupe,Générale,"Ce chat appartient à la chaîne mentionnée ci-dessus. Les participants y publient des offres et des demandes d'aide, qui peuvent ensuite être republiées sur la chaîne afin d'être diffusées à un public plus large. Il est intéressant de noter qu'au début (le 21 février), les annonces d'offres d'emploi ont été accueillies négativement dans le chat (les gens craignaient que les personnes dans le besoin soient trompées). Les discussions politiques ne sont pas les bienvenues dans le chat et, comme on peut le constater, elles sont supprimées par l'administrateur. Le chat permet également aux personnes de communiquer entre elles, de partager leurs expériences et de poser des questions. Le chat est toujours actif à ce jour, les personnes discutent activement de questions administratives et réagissent aux actualités de la chaîne."
russia_national,National (russe),donbass_en_russie,Chaine,Chaîne d'information,Générale,"Informations sur les documents, les paiements ; liens utiles et rappels."
russia_national,National (russe),donbass_en_russie_chat,Chat,Commentgoupe,Générale,"Informations sur les documents, les paiements ; liens utiles et rappels."
russia_national,International,navigateur,Chaine,Agrégateur de liens,Générale,"Informations structurées par hashtags et régions ; point de départ pour les études de cas. Le Navigateur comporte une section intéressante où les utilisateurs partagent les coordonnées des fraudeurs afin que d'autres réfugiés ne soient pas victimes d'arnaques. Très souvent, dans les chats consacrés à l'emploi, les utilisateurs proposent des emplois liés à la vente de drogues."
russia_national,International,navigateur_chat,Chat,Commentgoupe,Générale,"Informations structurées par hashtags et régions ; point de départ pour les études de cas. Le Navigateur comporte une section intéressante où les utilisateurs partagent les coordonnées des fraudeurs afin que d'autres réfugiés ne soient pas victimes d'arnaques. Très souvent, dans les chats consacrés à l'emploi, les utilisateurs proposent des emplois liés à la vente de drogues."
russia_national,National (russe),andriy_lysenko,Chaine,Organisationnel,Activités d'une organisation bénévole,"Cet individu dispose de sa propre fondation et d'une chaîne YouTube. Fondation : https://fondandreyalysenko.ru/ Chaîne : https://www.youtube.com/@lisenko1000 D'après ce que j'ai compris, cet individu apporte son aide depuis longtemps, bien avant le début de la guerre en 2022."
russia_national,National (russe),andriy_lysenko_chat,Chat,Commentgoupe,Activités d'une organisation bénévole,"Cet individu dispose de sa propre fondation et d'une chaîne YouTube. Fondation : https://fondandreyalysenko.ru/ Chaîne : https://www.youtube.com/@lisenko1000 D'après ce que j'ai compris, cet individu apporte son aide depuis longtemps, bien avant le début de la guerre en 2022."
russia_national,National (russe),nous_vivrons,Chaine,Chaîne d'information,Générale,"Instructions détaillées concernant les documents, les paiements et les avantages ; connexion avec le bot."
russia_national,National (russe),nous_vivrons_chat,Chat,Commentgoupe,Générale,"Instructions détaillées concernant les documents, les paiements et les avantages ; connexion avec le bot."
russia_national,National (russe),frontiere_rpdro_files_dattente,Chat,Messages structurés,Franchissement de la frontière,"Rapports opérationnels sur les files d'attente, les points de contrôle, les itinéraires ; activité très intense."
russia_national,National (russe),frontiere_rpdro_forum_discussions,Chat,Communication/discussions/échange d'informations,Franchissement de la frontière,"Complément d'information concernant les files d'attente ; questions relatives à l'assurance, aux documents, etc."
russia_national,National (russe),compagnon_de_voyage_russie,Chat,Messages structurés,Franchissement de la frontière,Recherche de compagnons de voyage/transporteurs ; des frais sont applicables pour la publication d'annonces.
russia_national,National (russe),refugiees_russie,Chaine,Chaîne d'information,Générale,"Portail d'information juridique ; il comprend également des forums dédiés au logement, à l'emploi et à Krasnodar, ainsi que des mémos et des actualités."
russia_national,National (russe),refugiees_russie_chat,Chat,Commentgoupe,Générale,Associé au canal « Réfugiés | Russie » ; échange d'expériences et de questions.
russia_national,National (russe),logement_refugies_et_personnes_depalcees,Chat,Communication/discussions/échange d'informations,Recherche de logement,"Discussion sur le logement ; les administrateurs du chat ont organisé la collecte des demandes par courrier électronique (composition de la famille, emplacement)."
russia_national,National (russe),travail_refugies_et_personnes_depalcees,Chat,Messages structurés,Recherche de travail,Offres d'emploi et questions juridiques liées au travail ; recherche d'emploi.
russia_national,National (russe),assistance_juridique,Chat,Communication/discussions/échange d'informations,Assistance juridique,Explications juridiques et cas pratiques des participants
russia_national,National (russe),plateforme_dinformation,Chaine,Chaîne d'information,Générale,"Actualités, informations administratives/juridiques, accueil des réfugiés."
russia_national,National (russe),plateforme_dinformation_chat,Chat,Commentgoupe,Générale,Discussion générale pour l'échange d'informations.
russia_national,National (russe),question_responses_assistance_informatique,Chat,Communication/discussions/échange d'informations,Générale,Assistance concernant les documents de la Fédération de Russie et les allocations ; associé au site mirnamvsem.com.
russia_national,National (russe),le_monde_pour_tous,Chaine,Chaîne d'information,Générale,"Documents, allocations, écoles/crèches, centres d'aide."
russia_national,National (russe),le_monde_pour_tous_chat,Chat,Commentgoupe,Générale,"Documents, allocations, écoles/crèches, centres d'aide."
russia_national,National (russe),assistance_aux_refugies_du_donbass,Chat,Communication/discussions/échange d'informations,Offre et recherche d'aide,Format de l'annonce : comment aider/ville/conditions/contacts ; plusieurs numéros de téléphone accessibles au public.
russia_national,National (russe),accueil_des_refugies_du_donbass,Chat,Communication/discussions/échange d'informations,Recherche de logement,Annonces et demandes de logement.
russia_national,National (russe),les_personnes_deplacees_de_kharkiv,Chat,Chaîne d'information,Générale,"Sous-catégories : documents, avantages, frontière, travail, logement, PVR, etc."
russia_national,National (russe),frontiere_dnrro_informations_sur_letat_de_la_file_dattente,Chat,Communication/discussions/échange d'informations,Franchissement de la frontière,"Rapports des postes de contrôle et des barrages routiers ; Fédération de Russie, Crimée, RPL, RPD."
russia_national,National (russe),pvr_russie_points,Chat,Chaîne d'information,Centres d'hébergement temporaire (PVR),"Adresses PVR par région ; chaînes filiales sans commentaires, ainsi qu'un chat « communication »."
russia_national,National (russe),assistance_aux_refugies_travail,Chaine,Messages structurés,Recherche de travail,Publication d'offres d'emploi et de CV.
russia_national,National (russe),assistance_aux_refugies_travail_chat,Chat,Commentgoupe,Recherche de travail,Publication d'offres d'emploi et de CV.
moscow,Moscou et la région de Moscou,ecole_aide_aux_refugies,Chat,Communication/discussions/échange d'informations,Éducation des enfants / aide scolaire,"Sous-projets : forum de discussion, informations des organisateurs, cours gratuits ; été 2022, groupes en ligne."
russia_national,National (russe),assistance_medicale,Chaine,Messages structurés,Assistance médicale,Horaires de permanence ; une confirmation du statut de réfugié est requise pour toute demande.
russia_national,National (russe),assistance_medicale_chat,Chat,Commentgoupe,Assistance médicale,Horaires de permanence ; une confirmation du statut de réfugié est requise pour toute demande.
russia_national,National (russe),assistance_medicale_aux_refugies_en_fdr,Chaine,Messages structurés,Assistance médicale,Une équipe de médecins bénévoles ; correspondance individuelle en dehors du canal ; informations pratiques sur les villes. ! Faire attention que cette chaine et la chaine d'avant ont exactement les memes messages
russia_national,National (russe),assistance_medicale_aux_refugies_en_fdr_chat,Chat,Commentgoupe,Assistance médicale,Une équipe de médecins bénévoles ; correspondance individuelle en dehors du canal ; informations pratiques sur les villes. ! Faire attention que cette chaine et la chaine d'avant ont exactement les memes messages
russia_national,National (russe),corridor_vert,Chat,Communication/discussions/échange d'informations,Franchissement de la frontière,"À l'origine, ce groupe a été créé dans le cadre de l'organisation du Corridor vert afin d'aider les habitants de Kharkiv à quitter la ville. Message du 2 mars : modification du message adressé à Belgorod avec la demande d'organiser la création du Corridor vert. Les personnes expriment leur souhait de faire partir leurs proches vers la Russie. En outre, elles discutent d'autres possibilités de départ et relatent les expériences de leurs connaissances. Les personnes s'organisent également elles-mêmes et forment des groupes pour évacuer les habitants de Kharkiv vers Belgorod. Elles organisent des évacuations et discutent des moyens possibles pour les réaliser. Le chat a été créé assez tôt, ce qui permet de suivre le déroulement des événements depuis le début de la guerre."
taganrog,Taganrog,memo_benevoles,Chaine,Chaîne d'information,Générale,/////]]]]]#
russia_national,National (russe),infromations_utiles_pour_les_refugies,Chat,Chaîne d'information,Générale,Repostage de documents utiles pour les réfugiés.
russia_national,National (russe),aventures_des_habitants_de_kherson_en_Russie,Chaine,Blog,Temoignage personelle de la migration,"Cette chaîne est une sorte de blog d'une famille de Kherson, dans lequel l'auteur raconte son expérience de déménagement, d'obtention de documents et partage également certaines actualités. Dans les commentaires, les gens réagissent aux publications et partagent également leurs histoires (https://t.me/chatXersonRU)."
russia_national,National (russe),aventures_des_habitants_de_kherson_en_Russie_chat,Chat,Commentgoupe,Temoignage personelle de la migration,"Cette chaîne est une sorte de blog d'une famille de Kherson, dans lequel l'auteur raconte son expérience de déménagement, d'obtention de documents et partage également certaines actualités. Dans les commentaires, les gens réagissent aux publications et partagent également leurs histoires (https://t.me/chatXersonRU)."
russia_national,National (russe),fuir_la_guerre,Chat,Messages structurés,Offre et recherche d'aide,"Il s'agit d'un chat privé qui nécessite l'approbation d'un administrateur pour y adhérer. Cependant, le contenu du chat est accessible à tous. Extrait du premier message : Groupe destiné à mettre en relation les résidents des régions de Kherson, Zaporijia et de la RPD de Donetsk qui souhaitent se rendre temporairement en Russie, ainsi que les Russes qui sont prêts à les accueillir. Il sert également à rechercher des personnes pouvant aider au déménagement. Messages sont strucutés par les hashtags."
rostov_on_don,Rostov on Don et la région de Rostov,liens_pour_les_refugies_rnd,Chaine,Agrégateur de liens,Générale,Recueil d'adresses d'organisations et de ressources utiles.
russia_national,National (russe),refugies_en_russie_RU,Chat,Communication/discussions/échange d'informations,Offre et recherche d'aide,"Logement, emploi, consultations ; attention précoce portée aux biens matériels ; thème « Sheremetyevo »."
russia_national,International,intensifs,Chaine,Messages structurés,Éducation des enfants / aide scolaire,Kits de bénévolat pour les cours ; actuellement inactif.
russia_national,International,mindclubonline,Chat,Messages structurés,Éducation des enfants / aide scolaire,Cours quotidiens sur Zoom ; attachement à l'enseignement familial ; actif.
russia_national,National (russe),demenager_avec_un_enfant,Chaine,Chaîne d'information,Assistance psychologique,Conseils pour aider les enfants à s'adapter lors d'un déménagement.
russia_national,International,auto_chat,Chat,Communication/discussions/échange d'informations,Auto/transport,Échange d'expériences sur les questions automobiles ; communication active et mutuellement bénéfique.
vladimir,Oblast de Vladimir,benevole_sidorova,Chaine,Organisationnel,Activités d'une organisation bénévole,"Depuis le début de l'invasion militaire, cette bénévole assiste les personnes touchées par les hostilités dans la région du Donbass. Cependant, d'après les rapports publiés sur sa chaîne, elle organise également l'aide aux réfugiés. La chaîne publie des comptes rendus d'activités et des reportages photo. L'auteure partage ses impressions, ses sentiments..."
vladimir,Oblast de Vladimir,benevole_sidorova_chat,Chat,Commentgoupe,Activités d'une organisation bénévole,"Depuis le début de l'invasion militaire, cette bénévole assiste les personnes touchées par les hostilités dans la région du Donbass. Cependant, d'après les rapports publiés sur sa chaîne, elle organise également l'aide aux réfugiés. La chaîne publie des comptes rendus d'activités et des reportages photo. L'auteure partage ses impressions, ses sentiments..."
rostov_on_don,Rostov on Don et la région de Rostov,refugies_rostov,Chat,Communication/discussions/échange d'informations,Générale,Échange d'informations et coordination de l'aide ; photographies des conditions de vie ; activité intense depuis le début de la guerre.
rostov_on_don,Rostov on Don et la région de Rostov,refugies_rpd_rpl_a_rostov,Chat,Chaîne d'information,Générale,"Des informations utiles, des offres d'emploi (pas uniquement à Rostov), des actualités, des décrets, des informations administratives (comment obtenir certains documents) sont publiées."
rostov_on_don,Rostov on Don et la région de Rostov,articles_pour_refugies_rostov_on_don,Chat,Messages structurés,Re-use/articles,"Annonces « à céder/recherché » ; entrepôt situé au 229, rue Lermontovskaya ; les transactions sont supprimées."
rostov_on_don,Rostov on Don et la région de Rostov,offrezunecanneapeche,Chat,Messages structurés,Recherche de travail,Offres d'emploi par hashtags #recherche_employés / #propose_services.
rostov_on_don,Rostov on Don et la région de Rostov,refugies_donbass_region_de_rostov,Chaine,Chaîne d'information,Générale,"C'est une chaîne très particulière. À l'origine, elle semblait avoir été créée pour un usage personnel : l'auteur publiait simplement des autocollants et des blagues, puis en juillet 2021, la chaîne a été renommée « ZODIAC|HOROSCOPE » et a commencé à publier des horoscopes. La publication des horoscopes s'est poursuivie jusqu'en novembre 2021, puis le 20 février 2022, la chaîne est redevenue active et a publié des informations sur le début des mouvements militaires à Donetsk et sur l'évacuation des personnes des territoires de la RPD et de la RPL."
rostov_on_don,Rostov on Don et la région de Rostov,chers_invites_de_taganrog,Chaine,Organisationnel,Activités d'une organisation bénévole,"Ainsi, ce canal rassemble des informations utiles pour les réfugiés à Taganrog : coordonnées, adresses, liens... Des informations administratives y sont également publiées. Pour obtenir l'aide des bénévoles, il est demandé de remplir un formulaire en fournissant les informations suivantes : nom, prénom, numéro de téléphone, date d'arrivée, composition de la famille, âge des membres de la famille, tailles de vêtements, pointures, besoins alimentaires (oui ou non), quartier de la ville, rue et demande spécifique. La chaîne sert également de contact avec d'autres bénévoles prêts à apporter telle ou telle aide humanitaire à l'entrepôt (des listes des articles nécessaires sont publiées). Des reportages photos sur l'aide apportée sont publiés. Les bénévoles publient également parfois leurs impressions sur les rencontres et le travail."
rostov_on_don,Rostov on Don et la région de Rostov,fondation_caritative_une_bonne_action_chat,Chat,Commentgoupe,Activités d'une organisation bénévole,"Ce fonds existait probablement déjà avant la guerre de 2022, mais ils ont créé leur chaîne Telegram le lendemain du début de l'invasion à grande échelle et ont commencé à aider les personnes qui avaient fui les territoires de la RPD et de la RPL. Les premiers messages concernaient la collecte d'aide humanitaire. Parallèlement, le fonds poursuit ses activités principales et publie également des rapports à ce sujet. Il publie également des rapports sur l'aide apportée à la RPD et à la RPL, et même sur le nombre de personnes qui ont fait appel à lui. Le fonds opère dans la ville de Rostov."
rostov_on_don,Rostov on Don et la région de Rostov,fondation_caritative_une_bonne_action,Chaine,Organisationnel,Activités d'une organisation bénévole,
rostov_on_don,Rostov on Don et la région de Rostov,discussion_de_la_collecte_deux_coeurs,Chat,Communication/discussions/échange d'informations,Activités d'une organisation bénévole,Groupe caritatif « Deux cœurs » ; rapports ; histoires de familles.3665#
rostov_on_don,Rostov on Don et la région de Rostov,aide_humanitaire_dans_la_region_de_rostov,Chaine,Organisationnel,Activités d'une organisation bénévole,"Depuis 2014, le mouvement social « Dobro-na-Donu » apporte une aide humanitaire aux habitants du Donbass, ainsi qu'aux personnes défavorisées, aux familles à faibles revenus et nombreuses, aux mères célibataires et aux familles en situation difficile résidant dans la région de Rostov. Il convient de noter que la chaîne présente un format très sobre et fournit exclusivement des informations sur les questions administratives et l'aide apportée directement à Rostov et au Donbass."
rostov_on_don,Rostov on Don et la région de Rostov,aide_humanitaire_dans_la_region_de_rostov_chat,Chat,Commentgoupe,Activités d'une organisation bénévole,"Depuis 2014, le mouvement social « Dobro-na-Donu » apporte une aide humanitaire aux habitants du Donbass, ainsi qu'aux personnes défavorisées, aux familles à faibles revenus et nombreuses, aux mères célibataires et aux familles en situation difficile résidant dans la région de Rostov. Il convient de noter que la chaîne présente un format très sobre et fournit exclusivement des informations sur les questions administratives et l'aide apportée directement à Rostov et au Donbass."
rostov_on_don,Rostov on Don et la région de Rostov,croix_rouge_rostov,Chaine,Organisationnel,Activités d'une organisation bénévole,"La chaîne publie des rapports sur les activités de la Croix-Rouge, notamment sur ses initiatives en faveur des personnes déplacées."
rostov_on_don,Rostov on Don et la région de Rostov,centre_aide_humanitaire_misericorde_du_don,Chaine,Organisationnel,Activités d'une organisation bénévole,"Ainsi, ce centre ne s'adresse pas uniquement aux réfugiés, mais à un plus grand nombre de groupes de personnes. Les premiers messages publient des rapports sur la quantité d'aide fournie pour une journée donnée. Outre les rapports, des actualités et d'autres annonces sont également publiées."
rostov_on_don,Rostov on Don et la région de Rostov,centre_aide_humanitaire_misericorde_du_don_chat,Chat,Commentgoupe,Activités d'une organisation bénévole,"Ainsi, ce centre ne s'adresse pas uniquement aux réfugiés, mais à un plus grand nombre de groupes de personnes. Les premiers messages publient des rapports sur la quantité d'aide fournie pour une journée donnée. Outre les rapports, des actualités et d'autres annonces sont également publiées."
rostov_on_don,Rostov on Don et la région de Rostov,marioupol_a_rostov,Chat,Communication/discussions/échange d'informations,Générale,Ce chat a été créé pour échanger des informations à l'initiative de bénévoles prêts à répondre aux questions et à rechercher les informations nécessaires. Les personnes s'intéressent principalement aux questions administratives.
rostov_on_don,Rostov on Don et la région de Rostov,le_bienfait_a_taganrog,Chaine,Organisationnel,Activités d'une organisation bénévole,"Ce contact sert de lieu de communication entre le centre de bénévolat et les autres personnes désireuses d'apporter leur aide. Il publie des informations sur l'aide apportée, le travail des bénévoles, les besoins des centres : en termes d'aide humaine, de ressources... Il publie également des rapports sur le nombre de personnes arrivant au centre de bénévolat. Les messages sont rédigés dans un style assez émotionnel."
rostov_on_don,Rostov on Don et la région de Rostov,le_bienfait_a_taganrog_chat,Chat,Commentgoupe,Activités d'une organisation bénévole,"Ce contact sert de lieu de communication entre le centre de bénévolat et les autres personnes désireuses d'apporter leur aide. Il publie des informations sur l'aide apportée, le travail des bénévoles, les besoins des centres : en termes d'aide humaine, de ressources... Il publie également des rapports sur le nombre de personnes arrivant au centre de bénévolat. Les messages sont rédigés dans un style assez émotionnel."
rostov_on_don,Rostov on Don et la région de Rostov,dobrovolets_de_leningrad,Chaine,Organisationnel,Activités d'une organisation bénévole,Il s'agit d'une chaine d'aide qui reçoit des dons de Saint-Pétersbourg et les distribue à Rostov. Ce canal permet de soumettre des demandes d'aide en remplissant un formulaire. Il publie également des vidéos et des photos de la distribution de l'aide humanitaire. Des rapports quantitatifs sur le volume de l'aide distribuée sont également publiés.
rostov_on_don,Rostov on Don et la région de Rostov,dobrovolets_de_leningrad_chat,Chat,Commentgoupe,Activités d'une organisation bénévole,Il s'agit d'une chaine d'aide qui reçoit des dons de Saint-Pétersbourg et les distribue à Rostov. Ce canal permet de soumettre des demandes d'aide en remplissant un formulaire. Il publie également des vidéos et des photos de la distribution de l'aide humanitaire. Des rapports quantitatifs sur le volume de l'aide distribuée sont également publiés.
rostov_on_don,Rostov on Don et la région de Rostov,les_gens_pas_indifferents,Chaine,Organisationnel,Activités d'une organisation bénévole,"Messages sur la situation à la frontière ; photos, récits -- Sur leur chaîne, les bénévoles partagent des informations sur la situation à la frontière, sur l'arrivée des personnes (souvent avec beaucoup de détails, des messages assez émouvants, des photos)."
rostov_on_don,Rostov on Don et la région de Rostov,pvr_ip_resvanov,Chat,,Centres d'hébergement temporaire (PVR),"Annonces d'événements, vie quotidienne du PVR, citations, questions des résidents."
rostov_on_don,Rostov on Don et la région de Rostov,rostov_bienveillant,Chat,Organisationnel,Activités d'une organisation bénévole,"Recherche de bénévoles, aide humanitaire, assistance ciblée."
rostov_on_don,Rostov on Don et la région de Rostov,murmure_du_benevole,Chaine,Organisationnel,Activités d'une organisation bénévole,"Recherche de bénévoles pour le PVR, collecte d'articles pour le PVR, collecte de dons. Reportages photo sur le travail bénévole. Ce forum contient de nombreuses citations et réflexions sur le travail bénévole."
rostov_on_don,Rostov on Don et la région de Rostov,murmure_du_benevole_chat,Chat,Commentgoupe,Activités d'une organisation bénévole,"Recherche de bénévoles pour le PVR, collecte d'articles pour le PVR, collecte de dons. Reportages photo sur le travail bénévole. Ce forum contient de nombreuses citations et réflexions sur le travail bénévole."
belgorod,Belgorod,armiya_krasotok,Chaine,Organisationnel,Activités d'une organisation bénévole,
belgorod,Belgorod,armiya_krasotok_chat,Chat,Commentgoupe,Activités d'une organisation bénévole,
moscow,Moscou et la région de Moscou,refugees_a_moscou,Chaine,Chaîne d'information,Générale,"Thèmes structurés avec commentaires : logement, travail, biens, fraudeurs, etc."
moscow,Moscou et la région de Moscou,refugees_a_moscou_chat,Chat,Commentgoupe,Générale,"Thèmes structurés avec commentaires : logement, travail, biens, fraudeurs, etc."
moscow,Moscou et la région de Moscou,dari_edu,Chaine,Organisationnel,Activités d'une organisation bénévole,"Aide à l'échelle de la ville, y compris aux réfugiés ; rapports. À l'origine, ce fonds caritatif n'avait pas été créé exclusivement pour soutenir les réfugiés, mais à partir d'un certain moment, ce groupe de population a commencé à avoir grandement besoin de l'aide de ce fonds."
moscow,Moscou et la région de Moscou,dari_edu_chat,Chat,Commentgoupe,Activités d'une organisation bénévole,"Aide à l'échelle de la ville, y compris aux réfugiés ; rapports. À l'origine, ce fonds caritatif n'avait pas été créé exclusivement pour soutenir les réfugiés, mais à partir d'un certain moment, ce groupe de population a commencé à avoir grandement besoin de l'aide de ce fonds."
moscow,Moscou et la région de Moscou,volontaires_mozhaisk,Chaine,Blog,Activités d'une organisation bénévole,"Chaîne publiant des rapports sur les activités du centre de bénévolat. Des reportages photo sur l'aide apportée aux réfugiés du Donbass y sont publiés. Cela semble très ostentatoire et orienté vers la Russie. Les publications utilisent des slogans, des symboles russes, etc. Souvent, les publications indiquent simplement où ils sont allés, qui ils ont rencontré, et peu d'informations sur l'aide apportée."
moscow,Moscou et la région de Moscou,volontaires_mozhaisk_chat,Chat,Commentgoupe,Activités d'une organisation bénévole,"Chaîne publiant des rapports sur les activités du centre de bénévolat. Des reportages photo sur l'aide apportée aux réfugiés du Donbass y sont publiés. Cela semble très ostentatoire et orienté vers la Russie. Les publications utilisent des slogans, des symboles russes, etc. Souvent, les publications indiquent simplement où ils sont allés, qui ils ont rencontré, et peu d'informations sur l'aide apportée."
moscow,Moscou et la région de Moscou,sheremetyevo_refus_filtrage,Chat,Communication/discussions/échange d'informations,Franchissement de la frontière,"Ce chat a été créé pour échanger des informations concernant le passage de la frontière russe à Sheremetyevo. Il s'agit du filtrage des Ukrainiens à Sheremetyevo : s'ils souhaitent se rendre en Russie, certains sont obligés de passer par Sheremetyevo pour ensuite se rendre dans les territoires occupés. Les personnes partagent en détail leurs expériences, comment elles sont interrogées, ce qu'elles voient... Vous pouvez obtenir plus d'informations sur le filtrage sur Internet."
crimea_simferopol,Crimée,refugees_crimee,Chat,Communication/discussions/échange d'informations,Générale,Ce chat a été créé pour échanger des informations concernant l'hébergement des réfugiés en Crimée. Il sert également de lieu de communication entre ceux qui souhaitent apporter leur aide et ceux qui en ont besoin (aide informative et matérielle). Il est interdit de discuter de politique ou d'échange de devises dans ce chat.
crimea_simferopol,Crimée,dobro_mira,Chaine,Organisationnel,Activités d'une organisation bénévole,La chaîne publie des rapports sur les activités bénévoles de la communauté. Elle facilite également la mise en relation avec d'autres personnes désireuses d'apporter leur aide et permet de solliciter divers articles ou une aide financière.
crimea_simferopol,Crimée,bienfait_kerch,Chaine,Organisationnel,Activités d'une organisation bénévole,Cette chaine est une petite branche de la communauté susmentionnée. Des rapports sur l'aide fournie sont également publiés. Les demandes d'aide sont publiées.
crimea_simferopol,Crimée,bienfait_kerch_chat,Chat,Commentgoupe,Activités d'une organisation bénévole,Cette chaine est une petite branche de la communauté susmentionnée. Des rapports sur l'aide fournie sont également publiés. Les demandes d'aide sont publiées.
crimea_simferopol,Crimée,refugees_sevastopol,Chat,Communication/discussions/échange d'informations,Offre et recherche d'aide,Chat pour communiquer et échanger des informations. Offre d'aide et demande d'assistance.
crimea_simferopol,Crimée,refugees_simpheropol,Chat,Communication/discussions/échange d'informations,Offre et recherche d'aide,Chat pour la communication et l'échange d'informations. Offre d'aide et demande d'assistance.
crimea_simferopol,Crimée,cher_crimee,Chat,Organisationnel,Activités d'une organisation bénévole,"Une partie du fonds A. Lysenko ; coordination et rapports. Ce chat est destiné à la communication au sein du centre de bénévolat. D'après les premiers messages, il est évident que cette section existait déjà et qu'ils ont simplement créé un nouveau chat. Dans ce chat, il est possible de consulter les informations relatives au travail des bénévoles : les demandes sont publiées, les messages concernant la coordination du travail, les matériaux nécessaires, etc. sont envoyés, et les rapports sont également publiés. Il convient de noter que le discours d'Andriy Lysenko, bénévole à Donetsk, est très négatif : il qualifie les forces armées ukrainiennes de fascistes qui bombardent Donetsk."
crimea_simferopol,Crimée,route_crimee,Chat,Communication/discussions/échange d'informations,Franchissement de la frontière,"Les personnes partagent leur expérience du passage des frontières. Elles mentionnent souvent que le trajet est particulièrement inquiétant. Elles évoquent l'état de la route, la durée du trajet et les documents qui leur ont été demandés. La route terrestre vers la Crimée passe par Melitopol, Berdiansk, Marioupol, Novoazovsk et Taganrog. La longueur du trajet entre le poste-frontière de « Chongar » et la frontière de la région de Rostov (poste-frontière « Veselo-Voznesensk ») est d'environ 387 kilomètres. La durée approximative du trajet est de sept heures."
crimea_simferopol,Crimée,route_terr_crimee,Chat,Communication/discussions/échange d'informations,Franchissement de la frontière,"Expérience de conduite ; documents, temps."
crimea_simferopol,Crimée,app_dzankoy,Chaine,Messages structurés,Franchissement de la frontière,Des informations concernant les règles à respecter aux points de passage sont publiées. Quelques messages
krasnodar,Krasnodar et la région de Krasnodar,aimez_proche,Chaine,Organisationnel,Activités d'une organisation bénévole,"Cette chaine publie des rapports sur le travail accompli, ainsi que des photographies. De temps à autre, des publications philosophiques sur l'amour, le bénévolat, etc. sont également partagées."
krasnodar,Krasnodar et la région de Krasnodar,aimez_proche_chat,Chat,Commentgoupe,Activités d'une organisation bénévole,"Cette chaine publie des rapports sur le travail accompli, ainsi que des photographies. De temps à autre, des publications philosophiques sur l'amour, le bénévolat, etc. sont également partagées."
krasnodar,Krasnodar et la région de Krasnodar,assistance_krasnodar,Chat,Communication/discussions/échange d'informations,Offre et recherche d'aide,"Le chat est destiné à l'échange général d'informations. Informations sur la possibilité d'apporter une aide, demandes d'aide."
krasnodar,Krasnodar et la région de Krasnodar,assistance_tuapse,Chat,Communication/discussions/échange d'informations,Centres d'hébergement temporaire (PVR),"Depuis la création du chat, les personnes partagent leur expérience de séjour à l'hôtel et leurs impressions sur la ville. Elles partagent des photos de leurs chambres et du processus de formalités administratives. À partir de là, il est possible de suivre le déroulement du processus de formalités après le déménagement."
krasnodar,Krasnodar et la région de Krasnodar,habitants_krasnodar,Chat,Communication/discussions/échange d'informations,Générale,"Logement, transactions, accompagnement ; communication."
krasnodar,Krasnodar et la région de Krasnodar,assist_krasnodar,Chaine,Organisationnel,Activités d'une organisation bénévole,"La chaîne « Aide » est un groupe de personnes de Krasnodar qui souhaitent soutenir les familles ukrainiennes se trouvant sur le territoire russe, qui ont tout perdu et ont été contraintes de quitter leur domicile. Ce groupe fournit une aide personnalisée à certaines familles, en dressant des listes des articles et de l'aide nécessaires dans un tableau afin d'organiser la collecte de l'aide nécessaire. Il publie également des rapports sur l'aide collectée et les demandes générales pour toutes les familles dans le besoin."
krasnodar,Krasnodar et la région de Krasnodar,assist_krasnodar_chat,Chat,Commentgoupe,Activités d'une organisation bénévole,"La chaîne « Aide » est un groupe de personnes de Krasnodar qui souhaitent soutenir les familles ukrainiennes se trouvant sur le territoire russe, qui ont tout perdu et ont été contraintes de quitter leur domicile. Ce groupe fournit une aide personnalisée à certaines familles, en dressant des listes des articles et de l'aide nécessaires dans un tableau afin d'organiser la collecte de l'aide nécessaire. Il publie également des rapports sur l'aide collectée et les demandes générales pour toutes les familles dans le besoin."
krasnodar,Krasnodar et la région de Krasnodar,centre_krasnodar,Chat,Communication/discussions/échange d'informations,Activités d'une organisation bénévole,"Ce chat sert de lieu de communication entre les réfugiés et les personnes en mesure de leur apporter de l'aide. L'aide est fournie après remplissage d'un questionnaire dans lequel le réfugié indique ses informations personnelles et ses besoins. À l'occasion du Nouvel An 2023, le quartier général a organisé un événement pour les enfants. Le remplissage du questionnaire est obligatoire. Le quartier général a également ouvert un point de distribution d'aide. Il existe également des reportages photo et des annonces concernant divers articles livrés au quartier général (par exemple, des chaussures). Le questionnaire est obligatoire pour recevoir une aide humanitaire et participer aux événements."
belgorod,Belgorod,confrerie_de_la_charite,Chaine,Organisationnel,Activités d'une organisation bénévole,Centre d'aide aux réfugiés de l'Église
belgorod,Belgorod,une_seconde_vie,Chat,Messages structurés,Re-use/articles,"Dans ce chat, les personnes font don de vêtements pour aider ceux qui en ont besoin. De même, ceux qui ont besoin de certains articles peuvent en faire la demande dans le chat."
belgorod,Belgorod,a_tes_cotes,Chat,Communication/discussions/échange d'informations,Activités d'une organisation bénévole,Le chat est un espace de communication entre les bénévoles du centre d'aide et les personnes dans le besoin. Les personnes demandent si elles disposent de certains articles et expriment leur gratitude après leur visite.
belgorod,Belgorod,centre_de_coordination,Chaine,Chaîne d'information,Générale,"La chaîne publie des rapports sur les activités du centre, des sélections d'objets offerts, d'autres informations utiles sur la ville et des informations administratives pertinentes."
belgorod,Belgorod,centre_de_coordination_chat,Chat,Commentgoupe,Générale,"La chaîne publie des rapports sur les activités du centre, des sélections d'objets offerts, d'autres informations utiles sur la ville et des informations administratives pertinentes."
belgorod,Belgorod,assistance_a_chebekino,Chaine,Messages structurés,Offre et recherche d'aide,"Cette chaine publie des demandes d'aide et des messages de personnes souhaitant apporter leur soutien, accompagnés de leurs coordonnées. L'aide peut prendre différentes formes : transporter quelqu'un en voiture, héberger quelqu'un chez soi, donner des affaires, etc."
belgorod,Belgorod,etre_plus_bienveillant,Chaine,Organisationnel,Activités d'une organisation bénévole,"Cette organisation bénévole a pour but d'aider les gens à Shebekino - ville dans la région de Belgorod, Russie. Ce canal sert également de moyen de communication entre les bénévoles, les militants et toute autre personne désireuse d'apporter son aide. Des reportages photos sont publiés sur les articles collectés, le fonctionnement des centres d'hébergement temporaire, l'obtention d'une aide financière, etc."
belgorod,Belgorod,etre_plus_bienveillant_chat,Chat,Commentgoupe,Activités d'une organisation bénévole,"Cette organisation bénévole a pour but d'aider les gens à Shebekino - ville dans la région de Belgorod, Russie. Ce canal sert également de moyen de communication entre les bénévoles, les militants et toute autre personne désireuse d'apporter son aide. Des reportages photos sont publiés sur les articles collectés, le fonctionnement des centres d'hébergement temporaire, l'obtention d'une aide financière, etc."
cheboksary,Tcheboksary/Tchouvachie,assist_tchouvachie,Chaine,Organisationnel,Activités d'une organisation bénévole,"Informations sur les PVR (« Etker », « Alyi Parus »). Ce canal sert également à communiquer les demandes d'aide nécessaires (sous forme de requêtes), les rapports sur « ce qui se passe actuellement » - ce que les bénévoles ont accompli, l'avancement de leur travail, ce qu'ils savent des besoins des réfugiés. Des listes des besoins sont publiées, des collectes sont organisées, des informations utiles sont publiées, des fonds sont collectés pour l'achat d'aide humanitaire, des rapports sont publiés. Rapports photo."
cheboksary,Tcheboksary/Tchouvachie,assist_tchouvachie_chat,Chat,Commentgoupe,Activités d'une organisation bénévole,"Informations sur les PVR (« Etker », « Alyi Parus »). Ce canal sert également à communiquer les demandes d'aide nécessaires (sous forme de requêtes), les rapports sur « ce qui se passe actuellement » - ce que les bénévoles ont accompli, l'avancement de leur travail, ce qu'ils savent des besoins des réfugiés. Des listes des besoins sont publiées, des collectes sont organisées, des informations utiles sont publiées, des fonds sont collectés pour l'achat d'aide humanitaire, des rapports sont publiés. Rapports photo."
saint_petersburg,Saint-Pétersbourg et la région de Leningrad,restants_stpet,Chaine,Chaîne d'information,Générale,"Ce canal fournit des informations structurées et des liens vers d'autres ressources et canaux utiles pour les réfugiés. Les messages sont classés par thème et les commentaires sous les publications permettent aux personnes de discuter de ces thèmes (par exemple, offres d'emploi ou recherche d'emploi, logement disponible, etc.). Il s'agit en général du chat principal, et les chats suivants, dont le nom comporte la mention « Restants », sont ses sous-chats."
saint_petersburg,Saint-Pétersbourg et la région de Leningrad,restants_stpet_chat,Chat,Commentgoupe,Générale,"Ce canal fournit des informations structurées et des liens vers d'autres ressources et canaux utiles pour les réfugiés. Les messages sont classés par thème et les commentaires sous les publications permettent aux personnes de discuter de ces thèmes (par exemple, offres d'emploi ou recherche d'emploi, logement disponible, etc.). Il s'agit en général du chat principal, et les chats suivants, dont le nom comporte la mention « Restants », sont ses sous-chats."
saint_petersburg,Saint-Pétersbourg et la région de Leningrad,ref_tikhvine,Chat,Communication/discussions/échange d'informations,Centres d'hébergement temporaire (PVR),"Ce chat permet aux personnes dans le besoin de solliciter de l'aide (recherche d'emploi, de logement, de certains articles, etc.). De plus, ceux qui sont en mesure d'apporter cette aide répondent aux messages ou proposent directement ce qu'ils peuvent offrir, en attendant qu'une personne réponde."
saint_petersburg,Saint-Pétersbourg et la région de Leningrad,entrepot_mirgorodskaya,Chaine,Organisationnel,Activités d'une organisation bénévole,"Ce centre de collecte rassemble les dons de personnes désireuses d'aider et fournit une assistance aux personnes dans le besoin (envoi à Marioupol, Belgorod, la région de Leningrad, Voronej, la région de Pskov, etc.). Le canal publie les articles dont le besoin est le plus urgent à l'heure actuelle. Les demandes d'aide sont soumises en contactant directement un bénévole."
saint_petersburg,Saint-Pétersbourg et la région de Leningrad,entrepot_mirgorodskaya_chat,Chat,Commentgoupe,Activités d'une organisation bénévole,"Ce centre de collecte rassemble les dons de personnes désireuses d'aider et fournit une assistance aux personnes dans le besoin (envoi à Marioupol, Belgorod, la région de Leningrad, Voronej, la région de Pskov, etc.). Le canal publie les articles dont le besoin est le plus urgent à l'heure actuelle. Les demandes d'aide sont soumises en contactant directement un bénévole."
saint_petersburg,Saint-Pétersbourg et la région de Leningrad,hum_entrepot,Chaine,Organisationnel,Activités d'une organisation bénévole,"À l'instar du canal du dépôt, ce dépôt publie des annonces concernant la collecte de l'aide humanitaire nécessaire, rédige également des articles plus généraux (par exemple sur les uniformes scolaires), publie des réflexions sur le travail des bénévoles et des reportages photos sur le travail accompli."
saint_petersburg,Saint-Pétersbourg et la région de Leningrad,articles_stpetersbourg,Chaine,Messages structurés,Re-use/articles,"Tous les messages du chat, sauf un, ont été supprimés. D'après ce message, il s'agissait d'un chat d'entrepôt où étaient publiées des annonces de dons et où il était également possible de contacter les administrateurs pour proposer ses propres dons. Une fois les dons effectués, l'annonce était supprimée. « L'entrepôt de Technologika accepte les dons pour ceux qui restent, donc ici, pour l'assortiment, il faut tout ce qu'il y a dans une maison moderne ordinaire, et toutes les petites choses domestiques que les gens ont cessé de remarquer, même s'ils les utilisent. Nous acceptons également les articles ménagers tels que le savon, la lessive, les crèmes, les gels, les shampoings, les bijoux fantaisie, les barrettes, les jouets, les livres et autres articles similaires. »"
saint_petersburg,Saint-Pétersbourg et la région de Leningrad,psyref_stpet,Chat,Organisationnel,Assistance psychologique,Inscription à des groupes de soutien ; faible activité.
voronezh,Voronej,art_de_vivre_voronej,Chaine,Organisationnel,Activités d'une organisation bénévole,"Cette chaine est un portail d'information du centre d'aide aux migrants à Voronej, créé notamment par des migrants qui se sont installés en 2014 et sont devenus des citoyens russes à part entière. Ce canal sert donc de moyen de communication entre cette association, les personnes désireuses d'apporter leur aide et celles qui en ont besoin. Les bénévoles y publient des annonces d'emploi et rendent compte du travail accompli (distribution d'aide humanitaire), des demandes d'aide de bénévoles, des annonces concernant les horaires d'ouverture de leur entrepôt. Chaque publication est accompagnée de nombreuses photos - compte rendu des événements passés. L'association collabore également fréquemment avec d'autres organismes. Ce centre fonctionne encore aujourd'hui, mais le nombre de ces rapports a diminué. La publication d'informations sur le fonctionnement de l'entrepôt pour les personnes ayant besoin d'aide humanitaire se poursuit. D'après les publications, une grande partie de l'activité se déroule au niveau de l'organisation d'événements."
voronezh,Voronej,art_de_vivre_voronej_chat,Chat,Commentgoupe,Activités d'une organisation bénévole,"Cette chaine est un portail d'information du centre d'aide aux migrants à Voronej, créé notamment par des migrants qui se sont installés en 2014 et sont devenus des citoyens russes à part entière. Ce canal sert donc de moyen de communication entre cette association, les personnes désireuses d'apporter leur aide et celles qui en ont besoin. Les bénévoles y publient des annonces d'emploi et rendent compte du travail accompli (distribution d'aide humanitaire), des demandes d'aide de bénévoles, des annonces concernant les horaires d'ouverture de leur entrepôt. Chaque publication est accompagnée de nombreuses photos - compte rendu des événements passés. L'association collabore également fréquemment avec d'autres organismes. Ce centre fonctionne encore aujourd'hui, mais le nombre de ces rapports a diminué. La publication d'informations sur le fonctionnement de l'entrepôt pour les personnes ayant besoin d'aide humanitaire se poursuit. D'après les publications, une grande partie de l'activité se déroule au niveau de l'organisation d'événements."
voronezh,Voronej,corps_de_volontaires,Chaine,Organisationnel,Activités d'une organisation bénévole,"Réunions, annonces."
voronezh,Voronej,corps_de_volontaires_chat,Chat,Commentgoupe,Activités d'une organisation bénévole,"Réunions, annonces."
voronezh,Voronej,coeur_de_benevole,Chat,Organisationnel,Activités d'une organisation bénévole,"Documents, rapports, discussions, projets."
voronezh,Voronej,bobrov_PVR,Chat,Communication/discussions/échange d'informations,Centres d'hébergement temporaire (PVR),"Entrepôt, adresses, forum de discussion, etc."
izhevsk,Izhevsk,aider_perso,Chat,Communication/discussions/échange d'informations,Offre et recherche d'aide,"Ce groupe a été créé par un groupe de bénévoles. Son objectif est d'offrir un soutien personnalisé aux familles de Marioupol (soutien matériel, informationnel et émotionnel). Le groupe permet à toute personne désireuse d'aider de proposer son aide et à toute personne dans le besoin de la solliciter."
kazan,Kazan,tout_le_monde_est_humain_kazan,Chaine,Organisationnel,Activités d'une organisation bénévole,"Nous fonctionnons exclusivement selon les principes de l'auto-organisation, ne représentons aucune partie politique, religieuse ou autre, n'avons ni dirigeants, ni supérieurs, ni subordonnés, et ne disposons d'aucune autre bureaucratie propre aux organisations commerciales. Ce chat a été créé pour rendre compte des activités bénévoles et pour communiquer avec la communauté au sujet de l'aide nécessaire aux réfugiés."
kazan,Kazan,tout_le_monde_est_humain_kazan_chat,Chat,Commentgoupe,Activités d'une organisation bénévole,"Nous fonctionnons exclusivement selon les principes de l'auto-organisation, ne représentons aucune partie politique, religieuse ou autre, n'avons ni dirigeants, ni supérieurs, ni subordonnés, et ne disposons d'aucune autre bureaucratie propre aux organisations commerciales. Ce chat a été créé pour rendre compte des activités bénévoles et pour communiquer avec la communauté au sujet de l'aide nécessaire aux réfugiés."
shakhty,Shakhty,assistance_shakhty,Chat,Messages structurés,Offre et recherche d'aide,Chat à grande échelle pour les demandes/l'assistance ; questionnaires/bots.
shakhty,Shakhty,assistance_articles,Chat,Communication/discussions/échange d'informations,Offre et recherche d'aide,"Une demande d'adhésion est requise. Discussion sur les demandes d'assistance, les offres d'aide et la communication."
novorossiysk,Novorossiysk,assistance_novorossiysk,Chat,Communication/discussions/échange d'informations,Générale,"Chat destiné à la communication entre les personnes ayant besoin d'aide et celles souhaitant apporter leur soutien, ainsi qu'à l'échange d'informations."
volgograd,Volgograd,assistance_volgograd,Chat,Organisationnel,Activités d'une organisation bénévole,"Chat destiné à la communication entre les personnes ayant besoin d'aide et celles souhaitant apporter leur soutien, ainsi qu'à l'échange d'informations."
kaliningrad,Kaliningrad,assistance_kaliningrad,Chaine,Organisationnel,Activités d'une organisation bénévole,"Cette chaine facilite la communication entre les activités du centre de bénévolat et les autres citoyens désireux d'apporter leur aide : il publie des demandes d'aide humanitaire, des rapports sur l'aide apportée, des reportages photo, des appels à bénévoles et des demandes de soutien financier."
kaliningrad,Kaliningrad,assistance_kaliningrad_chat,Chat,Commentgoupe,Activités d'une organisation bénévole,"Cette chaine facilite la communication entre les activités du centre de bénévolat et les autres citoyens désireux d'apporter leur aide : il publie des demandes d'aide humanitaire, des rapports sur l'aide apportée, des reportages photo, des appels à bénévoles et des demandes de soutien financier."
krasnoyarsk,Krasnoïarsk,assistance_krasnoiarsk,Chat,Communication/discussions/échange d'informations,Offre et recherche d'aide,"Il est nécessaire de soumettre une demande pour rejoindre le chat. Le chat est destiné à la communication entre les personnes ayant besoin d'aide et celles souhaitant apporter leur aide, ainsi qu'à l'échange d'informations."
nizhny_novgorod,Nijni Novgorod,assistance_nino,Chat,Communication/discussions/échange d'informations,Offre et recherche d'aide,"Cette chaine facilite la communication entre les activités du centre de bénévolat et les autres citoyens désireux d'apporter leur aide : il publie des demandes d'aide humanitaire, des rapports sur l'aide apportée, des reportages photo, des appels à bénévoles et des demandes de soutien financier."
samara,Samara,assist_samara,Chaine,Messages structurés,Offre et recherche d'aide,Cette chaine permet aux personnes qui ont besoin d'aide dans divers domaines de soumettre leurs demandes (sous certains messages dans les commentaires). Des informations utiles sont également publiées. Des collectes individuelles sont organisées pour des familles spécifiques.
samara,Samara,assist_samara_chat,Chat,Commentgoupe,Offre et recherche d'aide,Cette chaine permet aux personnes qui ont besoin d'aide dans divers domaines de soumettre leurs demandes (sous certains messages dans les commentaires). Des informations utiles sont également publiées. Des collectes individuelles sont organisées pour des familles spécifiques.
sochi,Sotchi,assistance_sotchi,Chat,Communication/discussions/échange d'informations,Activités d'une organisation bénévole,Centre d'aide bénévole
penza,Penza,refugees_penza,Chat,Communication/discussions/échange d'informations,Activités d'une organisation bénévole,"Chat destiné à la communication entre les personnes ayant besoin d'aide et celles souhaitant apporter leur soutien, ainsi qu'à l'échange d'informations."
volokolamsk,Volokalamsk,pvr_dubosekovo,Chat,Communication/discussions/échange d'informations,Centres d'hébergement temporaire (PVR),Chat local d'un PVR spécifique. Des informations sont publiées concernant les collectes d'aide pour les personnes relevant spécifiquement de ce PVR.
stary_oskol,Stariy Oskol,interaction_assist,Chaine,Organisationnel,Activités d'une organisation bénévole,"Ce canal facilite la communication entre les activités du centre de bénévolat et les autres citoyens désireux d'apporter leur aide : il publie des demandes d'aide humanitaire, des rapports sur l'aide apportée, des reportages photo, des appels à bénévoles et des demandes de soutien financier."
stary_oskol,Stariy Oskol,vsaimodeystvie,Chat,Commentgoupe,Activités d'une organisation bénévole,"Ce canal facilite la communication entre les activités du centre de bénévolat et les autres citoyens désireux d'apporter leur aide : il publie des demandes d'aide humanitaire, des rapports sur l'aide apportée, des reportages photo, des appels à bénévoles et des demandes de soutien financier."
stavropol,Stavropol,auto_benevole,Chaine,Messages structurés,Recherche des bénévoles auto,La chaîne publie des annonces pour rechercher des bénévoles disposés à soutenir le travail des ONG. Des messages de remerciement pour l'aide apportée sont également publiés.
stavropol,Stavropol,auto_benevole_chat,Chat,Commentgoupe,Recherche des bénévoles auto,La chaîne publie des annonces pour rechercher des bénévoles disposés à soutenir le travail des ONG. Des messages de remerciement pour l'aide apportée sont également publiés.
tyumen,Tioumen,assistance_tioumen,Chat,Communication/discussions/échange d'informations,Offre et recherche d'aide,"Chat destiné à la communication entre les personnes ayant besoin d'aide et celles souhaitant apporter leur soutien, ainsi qu'à l'échange d'informations."
perm,Perm,assistance_perm,Chat,Communication/discussions/échange d'informations,Générale,"Inscription sur demande. Chat pour la communication entre les personnes ayant besoin d'aide et celles souhaitant apporter leur soutien, ainsi que pour l'échange d'informations."
khabarovsk,Khabarovsk,refugees_khabarovsk,Chaine,Organisationnel,Activités d'une organisation bénévole,"Ce canal facilite la communication entre les activités du centre de bénévolat et les autres citoyens désireux d'apporter leur aide : il publie des demandes d'aide humanitaire, des rapports sur l'aide apportée, des reportages photo, des appels à bénévoles et des demandes de soutien financier."
khabarovsk,Khabarovsk,assist_khabarovsk_chat,Chat,Commentgoupe,Activités d'une organisation bénévole,"Ce canal facilite la communication entre les activités du centre de bénévolat et les autres citoyens désireux d'apporter leur aide : il publie des demandes d'aide humanitaire, des rapports sur l'aide apportée, des reportages photo, des appels à bénévoles et des demandes de soutien financier."
khabarovsk,Khabarovsk,ref_khabarovsk,Chat,Messages structurés,Offre et recherche d'aide,"Chat destiné à la communication entre les personnes ayant besoin d'aide et celles souhaitant apporter leur soutien, ainsi qu'à l'échange d'informations."
chelyabinsk,Tcheliabinsk,assistance_tcheliabinsk,Chat,Organisationnel,Activités d'une organisation bénévole,"Il est nécessaire de soumettre une demande pour rejoindre le chat. Ce chat est principalement un lieu de communication et de coordination pour les bénévoles, où ils discutent des besoins des réfugiés dont ils s'occupent, de ce dont chacun a besoin, de la manière d'apporter une aide, etc."
nizhny_tagil,Nizhny Tagil,pom_nt,Chat,Organisationnel,Activités d'une organisation bénévole,"Il est nécessaire de soumettre une demande pour rejoindre le chat. Ce chat est plutôt un lieu de communication et de coordination entre les bénévoles, où ils discutent des besoins des réfugiés dont ils s'occupent, de ce dont chacun a besoin, de la manière d'aider, etc. Parallèlement, les réfugiés soumettent leurs demandes quelque part, qui sont ensuite examinées par ces bénévoles."
shakhty,Shakhty,nouveaux_arriv_shakhty,Chat,Communication/discussions/échange d'informations,Générale,"Ce canal semble avoir été créé par des Ukrainiens qui se sont installés dans la ville de Shakhty. Il ne s'agit pas d'une organisation bénévole. Ce chat comprend également un canal et un bot, tous créés dans le but de favoriser l'entraide et l'échange d'informations."
